pop,name,patch_id
27526,ZCTA5 20105,20105
5073,ZCTA5 20106,20106
42128,ZCTA5 20109,20109
48035,ZCTA5 20110,20110
36264,ZCTA5 20111,20111
25990,ZCTA5 20112,20112
7838,ZCTA5 20115,20115
2591,ZCTA5 20117,20117
9,ZCTA5 20118,20118
4288,ZCTA5 20119,20119
43258,ZCTA5 20120,20120
28120,ZCTA5 20121,20121
15305,ZCTA5 20124,20124
507,ZCTA5 20129,20129
220,ZCTA5 20130,20130
18810,ZCTA5 20132,20132
3652,ZCTA5 20135,20135
32135,ZCTA5 20136,20136
1736,ZCTA5 20137,20137
211,ZCTA5 20139,20139
7407,ZCTA5 20141,20141
630,ZCTA5 20143,20143
1089,ZCTA5 20144,20144
63903,ZCTA5 20147,20147
54125,ZCTA5 20148,20148
22209,ZCTA5 20151,20151
36465,ZCTA5 20152,20152
37151,ZCTA5 20155,20155
5482,ZCTA5 20158,20158
42011,ZCTA5 20164,20164
33290,ZCTA5 20165,20165
12572,ZCTA5 20166,20166
25914,ZCTA5 20169,20169
43610,ZCTA5 20170,20170
50511,ZCTA5 20171,20171
35429,ZCTA5 20175,20175
51823,ZCTA5 20176,20176
7693,ZCTA5 20180,20180
8526,ZCTA5 20181,20181
436,ZCTA5 20184,20184
15143,ZCTA5 20186,20186
18684,ZCTA5 20187,20187
20609,ZCTA5 20190,20190
30224,ZCTA5 20191,20191
12067,ZCTA5 20194,20194
2931,ZCTA5 20197,20197
1854,ZCTA5 20198,20198
58252,ZCTA5 22003,22003
45028,ZCTA5 22015,22015
19634,ZCTA5 22025,22025
16701,ZCTA5 22026,22026
2427,ZCTA5 22027,22027
60220,ZCTA5 22030,22030
35110,ZCTA5 22031,22031
31103,ZCTA5 22032,22032
38724,ZCTA5 22033,22033
183,ZCTA5 22035,22035
18095,ZCTA5 22039,22039
28476,ZCTA5 22041,22041
36744,ZCTA5 22042,22042
25012,ZCTA5 22043,22043
14078,ZCTA5 22044,22044
18639,ZCTA5 22046,22046
9800,ZCTA5 22060,22060
17393,ZCTA5 22066,22066
36839,ZCTA5 22079,22079
30598,ZCTA5 22101,22101
26875,ZCTA5 22102,22102
18377,ZCTA5 22124,22124
797,ZCTA5 22125,22125
7354,ZCTA5 22134,22134
29585,ZCTA5 22150,22150
18631,ZCTA5 22151,22151
30314,ZCTA5 22152,22152
31897,ZCTA5 22153,22153
11494,ZCTA5 22172,22172
24011,ZCTA5 22180,22180
14531,ZCTA5 22181,22181
25985,ZCTA5 22182,22182
0,ZCTA5 22185,22185
73081,ZCTA5 22191,22191
59670,ZCTA5 22192,22192
82060,ZCTA5 22193,22193
38990,ZCTA5 22201,22201
26742,ZCTA5 22202,22202
24841,ZCTA5 22203,22203
53855,ZCTA5 22204,22204
18570,ZCTA5 22205,22205
20716,ZCTA5 22206,22206
34113,ZCTA5 22207,22207
13172,ZCTA5 22209,22209
1482,ZCTA5 22211,22211
4168,ZCTA5 22213,22213
0,ZCTA5 22214,22214
13188,ZCTA5 22301,22301
17985,ZCTA5 22302,22302
14688,ZCTA5 22303,22303
49262,ZCTA5 22304,22304
18377,ZCTA5 22305,22305
34391,ZCTA5 22306,22306
10286,ZCTA5 22307,22307
12980,ZCTA5 22308,22308
36110,ZCTA5 22309,22309
32329,ZCTA5 22310,22310
18890,ZCTA5 22311,22311
30327,ZCTA5 22312,22312
35208,ZCTA5 22314,22314
29634,ZCTA5 22315,22315
29059,ZCTA5 22401,22401
33482,ZCTA5 22405,22405
25665,ZCTA5 22406,22406
59551,ZCTA5 22407,22407
30129,ZCTA5 22408,22408
5259,ZCTA5 22427,22427
233,ZCTA5 22432,22432
402,ZCTA5 22433,22433
2559,ZCTA5 22435,22435
1055,ZCTA5 22436,22436
1002,ZCTA5 22437,22437
379,ZCTA5 22438,22438
8906,ZCTA5 22443,22443
714,ZCTA5 22448,22448
1968,ZCTA5 22454,22454
1276,ZCTA5 22460,22460
2347,ZCTA5 22469,22469
5013,ZCTA5 22473,22473
225,ZCTA5 22476,22476
692,ZCTA5 22480,22480
2980,ZCTA5 22482,22482
25997,ZCTA5 22485,22485
678,ZCTA5 22488,22488
3606,ZCTA5 22503,22503
117,ZCTA5 22504,22504
15323,ZCTA5 22508,22508
55,ZCTA5 22509,22509
816,ZCTA5 22511,22511
2307,ZCTA5 22514,22514
5410,ZCTA5 22520,22520
11,ZCTA5 22529,22529
219,ZCTA5 22530,22530
2910,ZCTA5 22534,22534
432,ZCTA5 22535,22535
177,ZCTA5 22538,22538
2429,ZCTA5 22539,22539
1846,ZCTA5 22542,22542
16553,ZCTA5 22546,22546
439,ZCTA5 22548,22548
20218,ZCTA5 22551,22551
15960,ZCTA5 22553,22553
57488,ZCTA5 22554,22554
31545,ZCTA5 22556,22556
6269,ZCTA5 22560,22560
3336,ZCTA5 22567,22567
7378,ZCTA5 22572,22572
1972,ZCTA5 22576,22576
2596,ZCTA5 22578,22578
69,ZCTA5 22579,22579
5467,ZCTA5 22580,22580
29192,ZCTA5 22601,22601
30665,ZCTA5 22602,22602
16073,ZCTA5 22603,22603
1499,ZCTA5 22610,22610
9059,ZCTA5 22611,22611
2865,ZCTA5 22620,22620
892,ZCTA5 22623,22623
3107,ZCTA5 22624,22624
3739,ZCTA5 22625,22625
780,ZCTA5 22627,22627
33623,ZCTA5 22630,22630
2042,ZCTA5 22637,22637
526,ZCTA5 22639,22639
294,ZCTA5 22640,22640
470,ZCTA5 22641,22641
4702,ZCTA5 22642,22642
286,ZCTA5 22643,22643
2415,ZCTA5 22644,22644
4321,ZCTA5 22645,22645
50,ZCTA5 22646,22646
656,ZCTA5 22650,22650
1403,ZCTA5 22652,22652
833,ZCTA5 22654,22654
21567,ZCTA5 22655,22655
4052,ZCTA5 22656,22656
10389,ZCTA5 22657,22657
1803,ZCTA5 22660,22660
690,ZCTA5 22663,22663
9528,ZCTA5 22664,22664
34793,ZCTA5 22701,22701
1425,ZCTA5 22709,22709
25,ZCTA5 22711,22711
8209,ZCTA5 22712,22712
1812,ZCTA5 22713,22713
1027,ZCTA5 22714,22714
1379,ZCTA5 22715,22715
757,ZCTA5 22716,22716
579,ZCTA5 22718,22718
81,ZCTA5 22719,22719
1060,ZCTA5 22720,22720
421,ZCTA5 22722,22722
114,ZCTA5 22723,22723
2342,ZCTA5 22724,22724
886,ZCTA5 22726,22726
5761,ZCTA5 22727,22727
2615,ZCTA5 22728,22728
1391,ZCTA5 22729,22729
211,ZCTA5 22730,22730
35,ZCTA5 22731,22731
89,ZCTA5 22732,22732
1314,ZCTA5 22733,22733
3641,ZCTA5 22734,22734
2686,ZCTA5 22735,22735
990,ZCTA5 22736,22736
3475,ZCTA5 22737,22737
1394,ZCTA5 22738,22738
922,ZCTA5 22740,22740
209,ZCTA5 22741,22741
1838,ZCTA5 22742,22742
183,ZCTA5 22743,22743
1261,ZCTA5 22747,22747
225,ZCTA5 22749,22749
40284,ZCTA5 22801,22801
30534,ZCTA5 22802,22802
3345,ZCTA5 22807,22807
754,ZCTA5 22810,22810
512,ZCTA5 22811,22811
9100,ZCTA5 22812,22812
8915,ZCTA5 22815,22815
296,ZCTA5 22820,22820
5791,ZCTA5 22821,22821
6410,ZCTA5 22824,22824
10675,ZCTA5 22827,22827
2180,ZCTA5 22830,22830
1056,ZCTA5 22831,22831
743,ZCTA5 22832,22832
1057,ZCTA5 22834,22834
12077,ZCTA5 22835,22835
5065,ZCTA5 22840,22840
2746,ZCTA5 22841,22841
5572,ZCTA5 22842,22842
2536,ZCTA5 22843,22843
4881,ZCTA5 22844,22844
8,ZCTA5 22845,22845
1843,ZCTA5 22846,22846
718,ZCTA5 22847,22847
4957,ZCTA5 22849,22849
1302,ZCTA5 22850,22850
6002,ZCTA5 22851,22851
4339,ZCTA5 22853,22853
34687,ZCTA5 22901,22901
25815,ZCTA5 22902,22902
40192,ZCTA5 22903,22903
5634,ZCTA5 22904,22904
18610,ZCTA5 22911,22911
3731,ZCTA5 22920,22920
2098,ZCTA5 22922,22922
5766,ZCTA5 22923,22923
188,ZCTA5 22931,22931
7779,ZCTA5 22932,22932
814,ZCTA5 22935,22935
4950,ZCTA5 22936,22936
2152,ZCTA5 22937,22937
833,ZCTA5 22938,22938
6716,ZCTA5 22939,22939
1266,ZCTA5 22940,22940
10494,ZCTA5 22942,22942
549,ZCTA5 22943,22943
198,ZCTA5 22946,22946
3837,ZCTA5 22947,22947
143,ZCTA5 22948,22948
1084,ZCTA5 22949,22949
2263,ZCTA5 22952,22952
2082,ZCTA5 22958,22958
1679,ZCTA5 22959,22959
10319,ZCTA5 22960,22960
16170,ZCTA5 22963,22963
221,ZCTA5 22964,22964
2582,ZCTA5 22967,22967
10865,ZCTA5 22968,22968
1966,ZCTA5 22969,22969
1921,ZCTA5 22971,22971
430,ZCTA5 22972,22972
5750,ZCTA5 22973,22973
5180,ZCTA5 22974,22974
408,ZCTA5 22976,22976
31800,ZCTA5 22980,22980
19,ZCTA5 22989,22989
10512,ZCTA5 23002,23002
925,ZCTA5 23004,23004
18059,ZCTA5 23005,23005
6955,ZCTA5 23009,23009
1404,ZCTA5 23011,23011
4101,ZCTA5 23015,23015
318,ZCTA5 23021,23021
798,ZCTA5 23022,23022
713,ZCTA5 23023,23023
9492,ZCTA5 23024,23024
168,ZCTA5 23025,23025
1385,ZCTA5 23027,23027
4560,ZCTA5 23030,23030
314,ZCTA5 23032,23032
1330,ZCTA5 23035,23035
1612,ZCTA5 23038,23038
1074,ZCTA5 23039,23039
4353,ZCTA5 23040,23040
1749,ZCTA5 23043,23043
43,ZCTA5 23045,23045
1628,ZCTA5 23047,23047
638,ZCTA5 23050,23050
1198,ZCTA5 23055,23055
389,ZCTA5 23056,23056
39602,ZCTA5 23059,23059
36042,ZCTA5 23060,23060
21364,ZCTA5 23061,23061
2326,ZCTA5 23062,23062
4610,ZCTA5 23063,23063
315,ZCTA5 23064,23064
1956,ZCTA5 23065,23065
319,ZCTA5 23066,23066
69,ZCTA5 23068,23068
2817,ZCTA5 23069,23069
556,ZCTA5 23070,23070
1700,ZCTA5 23071,23071
12380,ZCTA5 23072,23072
9238,ZCTA5 23075,23075
813,ZCTA5 23076,23076
497,ZCTA5 23079,23079
2299,ZCTA5 23083,23083
1504,ZCTA5 23084,23084
548,ZCTA5 23085,23085
3282,ZCTA5 23086,23086
5361,ZCTA5 23089,23089
313,ZCTA5 23091,23091
682,ZCTA5 23092,23092
13441,ZCTA5 23093,23093
3562,ZCTA5 23102,23102
5692,ZCTA5 23103,23103
1381,ZCTA5 23106,23106
155,ZCTA5 23108,23108
2592,ZCTA5 23109,23109
647,ZCTA5 23110,23110
36511,ZCTA5 23111,23111
55165,ZCTA5 23112,23112
25387,ZCTA5 23113,23113
19904,ZCTA5 23114,23114
2,ZCTA5 23115,23115
31510,ZCTA5 23116,23116
9817,ZCTA5 23117,23117
285,ZCTA5 23119,23119
11529,ZCTA5 23120,23120
1807,ZCTA5 23123,23123
4625,ZCTA5 23124,23124
329,ZCTA5 23125,23125
505,ZCTA5 23126,23126
505,ZCTA5 23128,23128
542,ZCTA5 23129,23129
192,ZCTA5 23130,23130
587,ZCTA5 23138,23138
25214,ZCTA5 23139,23139
6453,ZCTA5 23140,23140
7550,ZCTA5 23141,23141
3356,ZCTA5 23146,23146
1648,ZCTA5 23148,23148
2883,ZCTA5 23149,23149
12523,ZCTA5 23150,23150
1245,ZCTA5 23153,23153
1384,ZCTA5 23156,23156
2552,ZCTA5 23160,23160
80,ZCTA5 23161,23161
46,ZCTA5 23163,23163
7601,ZCTA5 23168,23168
947,ZCTA5 23169,23169
2295,ZCTA5 23173,23173
1634,ZCTA5 23175,23175
336,ZCTA5 23176,23176
776,ZCTA5 23177,23177
670,ZCTA5 23180,23180
5075,ZCTA5 23181,23181
49874,ZCTA5 23185,23185
261,ZCTA5 23187,23187
44561,ZCTA5 23188,23188
6785,ZCTA5 23192,23192
4652,ZCTA5 23219,23219
34853,ZCTA5 23220,23220
14619,ZCTA5 23221,23221
28542,ZCTA5 23222,23222
53917,ZCTA5 23223,23223
40136,ZCTA5 23224,23224
43454,ZCTA5 23225,23225
16452,ZCTA5 23226,23226
26467,ZCTA5 23227,23227
35847,ZCTA5 23228,23228
35626,ZCTA5 23229,23229
6993,ZCTA5 23230,23230
36587,ZCTA5 23231,23231
31572,ZCTA5 23233,23233
45455,ZCTA5 23234,23234
31778,ZCTA5 23235,23235
24235,ZCTA5 23236,23236
26609,ZCTA5 23237,23237
26962,ZCTA5 23238,23238
0,ZCTA5 23250,23250
18493,ZCTA5 23294,23294
2200,ZCTA5 23301,23301
48,ZCTA5 23302,23302
298,ZCTA5 23303,23303
0,ZCTA5 23304,23304
913,ZCTA5 23306,23306
599,ZCTA5 23307,23307
1891,ZCTA5 23308,23308
4176,ZCTA5 23310,23310
72,ZCTA5 23313,23313
9028,ZCTA5 23314,23314
1211,ZCTA5 23315,23315
652,ZCTA5 23316,23316
59248,ZCTA5 23320,23320
36768,ZCTA5 23321,23321
65272,ZCTA5 23322,23322
40644,ZCTA5 23323,23323
23232,ZCTA5 23324,23324
17516,ZCTA5 23325,23325
2912,ZCTA5 23336,23336
302,ZCTA5 23337,23337
778,ZCTA5 23347,23347
3468,ZCTA5 23350,23350
237,ZCTA5 23354,23354
1384,ZCTA5 23356,23356
707,ZCTA5 23357,23357
108,ZCTA5 23358,23358
1192,ZCTA5 23359,23359
214,ZCTA5 23389,23389
349,ZCTA5 23395,23395
37,ZCTA5 23398,23398
304,ZCTA5 23401,23401
962,ZCTA5 23405,23405
894,ZCTA5 23407,23407
101,ZCTA5 23408,23408
110,ZCTA5 23409,23409
1826,ZCTA5 23410,23410
725,ZCTA5 23413,23413
156,ZCTA5 23414,23414
1582,ZCTA5 23415,23415
160,ZCTA5 23416,23416
3383,ZCTA5 23417,23417
771,ZCTA5 23418,23418
3610,ZCTA5 23420,23420
3755,ZCTA5 23421,23421
58,ZCTA5 23422,23422
333,ZCTA5 23423,23423
70,ZCTA5 23426,23426
298,ZCTA5 23427,23427
17493,ZCTA5 23430,23430
1451,ZCTA5 23432,23432
1105,ZCTA5 23433,23433
49583,ZCTA5 23434,23434
32137,ZCTA5 23435,23435
1064,ZCTA5 23436,23436
4488,ZCTA5 23437,23437
1555,ZCTA5 23438,23438
506,ZCTA5 23440,23440
68,ZCTA5 23441,23441
1167,ZCTA5 23442,23442
41512,ZCTA5 23451,23451
56392,ZCTA5 23452,23452
34377,ZCTA5 23453,23453
57508,ZCTA5 23454,23454
49405,ZCTA5 23455,23455
57705,ZCTA5 23456,23456
4695,ZCTA5 23457,23457
1384,ZCTA5 23459,23459
1863,ZCTA5 23460,23460
422,ZCTA5 23461,23461
67963,ZCTA5 23462,23462
77623,ZCTA5 23464,23464
309,ZCTA5 23480,23480
19,ZCTA5 23486,23486
6187,ZCTA5 23487,23487
682,ZCTA5 23488,23488
20642,ZCTA5 23502,23502
32815,ZCTA5 23503,23503
24354,ZCTA5 23504,23504
29508,ZCTA5 23505,23505
6528,ZCTA5 23507,23507
21627,ZCTA5 23508,23508
12961,ZCTA5 23509,23509
9216,ZCTA5 23510,23510
13926,ZCTA5 23511,23511
30836,ZCTA5 23513,23513
4129,ZCTA5 23517,23517
29098,ZCTA5 23518,23518
7179,ZCTA5 23523,23523
1481,ZCTA5 23551,23551
25345,ZCTA5 23601,23601
39714,ZCTA5 23602,23602
4012,ZCTA5 23603,23603
6150,ZCTA5 23604,23604
13544,ZCTA5 23605,23605
28222,ZCTA5 23606,23606
24065,ZCTA5 23607,23607
42136,ZCTA5 23608,23608
409,ZCTA5 23651,23651
12947,ZCTA5 23661,23661
12085,ZCTA5 23662,23662
14275,ZCTA5 23663,23663
9771,ZCTA5 23664,23664
6855,ZCTA5 23665,23665
52119,ZCTA5 23666,23666
40014,ZCTA5 23669,23669
4908,ZCTA5 23690,23690
95,ZCTA5 23691,23691
18192,ZCTA5 23692,23692
23650,ZCTA5 23693,23693
3980,ZCTA5 23696,23696
23540,ZCTA5 23701,23701
12072,ZCTA5 23702,23702
26019,ZCTA5 23703,23703
18673,ZCTA5 23704,23704
14145,ZCTA5 23707,23707
512,ZCTA5 23708,23708
0,ZCTA5 23709,23709
5944,ZCTA5 23801,23801
37939,ZCTA5 23803,23803
19312,ZCTA5 23805,23805
1603,ZCTA5 23806,23806
2071,ZCTA5 23821,23821
6222,ZCTA5 23824,23824
1606,ZCTA5 23827,23827
462,ZCTA5 23828,23828
2351,ZCTA5 23829,23829
1570,ZCTA5 23830,23830
35986,ZCTA5 23831,23831
37973,ZCTA5 23832,23832
2538,ZCTA5 23833,23833
26526,ZCTA5 23834,23834
12479,ZCTA5 23836,23836
4395,ZCTA5 23837,23837
16523,ZCTA5 23838,23838
1035,ZCTA5 23839,23839
2305,ZCTA5 23840,23840
2745,ZCTA5 23841,23841
6824,ZCTA5 23842,23842
360,ZCTA5 23843,23843
815,ZCTA5 23844,23844
381,ZCTA5 23845,23845
699,ZCTA5 23846,23846
15929,ZCTA5 23847,23847
922,ZCTA5 23850,23850
12960,ZCTA5 23851,23851
1025,ZCTA5 23856,23856
692,ZCTA5 23857,23857
30388,ZCTA5 23860,23860
1959,ZCTA5 23866,23866
1914,ZCTA5 23867,23867
6893,ZCTA5 23868,23868
2861,ZCTA5 23872,23872
790,ZCTA5 23874,23874
12370,ZCTA5 23875,23875
238,ZCTA5 23876,23876
1385,ZCTA5 23878,23878
477,ZCTA5 23879,23879
2045,ZCTA5 23881,23881
1708,ZCTA5 23882,23882
2069,ZCTA5 23883,23883
38,ZCTA5 23884,23884
2541,ZCTA5 23885,23885
224,ZCTA5 23887,23887
2344,ZCTA5 23888,23888
703,ZCTA5 23889,23889
4531,ZCTA5 23890,23890
1776,ZCTA5 23891,23891
228,ZCTA5 23893,23893
995,ZCTA5 23894,23894
461,ZCTA5 23897,23897
2104,ZCTA5 23898,23898
446,ZCTA5 23899,23899
18462,ZCTA5 23901,23901
386,ZCTA5 23909,23909
1366,ZCTA5 23915,23915
2937,ZCTA5 23917,23917
2360,ZCTA5 23919,23919
2868,ZCTA5 23920,23920
1405,ZCTA5 23921,23921
4029,ZCTA5 23922,23922
2729,ZCTA5 23923,23923
6135,ZCTA5 23924,23924
4552,ZCTA5 23927,23927
5279,ZCTA5 23930,23930
565,ZCTA5 23934,23934
7976,ZCTA5 23936,23936
2143,ZCTA5 23937,23937
233,ZCTA5 23938,23938
1323,ZCTA5 23942,23942
63,ZCTA5 23943,23943
3359,ZCTA5 23944,23944
3461,ZCTA5 23947,23947
3683,ZCTA5 23950,23950
290,ZCTA5 23952,23952
2533,ZCTA5 23954,23954
2906,ZCTA5 23958,23958
1379,ZCTA5 23959,23959
2089,ZCTA5 23960,23960
721,ZCTA5 23962,23962
82,ZCTA5 23963,23963
1146,ZCTA5 23964,23964
1735,ZCTA5 23966,23966
1206,ZCTA5 23967,23967
534,ZCTA5 23968,23968
8028,ZCTA5 23970,23970
5326,ZCTA5 23974,23974
65,ZCTA5 23976,23976
672,ZCTA5 24011,24011
30055,ZCTA5 24012,24012
8022,ZCTA5 24013,24013
16010,ZCTA5 24014,24014
15478,ZCTA5 24015,24015
8912,ZCTA5 24016,24016
24273,ZCTA5 24017,24017
38063,ZCTA5 24018,24018
26969,ZCTA5 24019,24019
612,ZCTA5 24020,24020
2513,ZCTA5 24053,24053
6406,ZCTA5 24054,24054
11938,ZCTA5 24055,24055
222,ZCTA5 24058,24058
874,ZCTA5 24059,24059
56423,ZCTA5 24060,24060
5314,ZCTA5 24064,24064
6311,ZCTA5 24065,24065
5177,ZCTA5 24066,24066
2293,ZCTA5 24067,24067
1433,ZCTA5 24069,24069
1795,ZCTA5 24070,24070
1141,ZCTA5 24072,24072
29451,ZCTA5 24073,24073
1292,ZCTA5 24076,24076
923,ZCTA5 24077,24077
6952,ZCTA5 24078,24078
1929,ZCTA5 24079,24079
549,ZCTA5 24082,24082
3065,ZCTA5 24083,24083
11361,ZCTA5 24084,24084
2375,ZCTA5 24085,24085
125,ZCTA5 24086,24086
4110,ZCTA5 24087,24087
4957,ZCTA5 24088,24088
3078,ZCTA5 24089,24089
5032,ZCTA5 24090,24090
7338,ZCTA5 24091,24091
3578,ZCTA5 24092,24092
105,ZCTA5 24093,24093
3924,ZCTA5 24095,24095
6118,ZCTA5 24101,24101
1724,ZCTA5 24102,24102
3046,ZCTA5 24104,24104
479,ZCTA5 24105,24105
28791,ZCTA5 24112,24112
1569,ZCTA5 24120,24120
10489,ZCTA5 24121,24121
1519,ZCTA5 24122,24122
4808,ZCTA5 24124,24124
4195,ZCTA5 24127,24127
2007,ZCTA5 24128,24128
0,ZCTA5 24130,24130
22,ZCTA5 24131,24131
301,ZCTA5 24132,24132
2167,ZCTA5 24133,24133
5166,ZCTA5 24134,24134
3097,ZCTA5 24136,24136
3286,ZCTA5 24137,24137
1506,ZCTA5 24138,24138
662,ZCTA5 24139,24139
23080,ZCTA5 24141,24141
2658,ZCTA5 24142,24142
1347,ZCTA5 24147,24147
8868,ZCTA5 24148,24148
3942,ZCTA5 24149,24149
788,ZCTA5 24150,24150
19552,ZCTA5 24151,24151
37801,ZCTA5 24153,24153
402,ZCTA5 24161,24161
2435,ZCTA5 24162,24162
1251,ZCTA5 24165,24165
140,ZCTA5 24167,24167
295,ZCTA5 24168,24168
8498,ZCTA5 24171,24171
3344,ZCTA5 24174,24174
8101,ZCTA5 24175,24175
1197,ZCTA5 24176,24176
18715,ZCTA5 24179,24179
4263,ZCTA5 24184,24184
729,ZCTA5 24185,24185
15867,ZCTA5 24201,24201
12345,ZCTA5 24202,24202
16132,ZCTA5 24210,24210
10260,ZCTA5 24211,24211
2575,ZCTA5 24216,24216
237,ZCTA5 24217,24217
11725,ZCTA5 24219,24219
1199,ZCTA5 24220,24220
514,ZCTA5 24221,24221
5503,ZCTA5 24224,24224
2557,ZCTA5 24225,24225
1298,ZCTA5 24226,24226
6224,ZCTA5 24228,24228
7382,ZCTA5 24230,24230
3060,ZCTA5 24236,24236
769,ZCTA5 24237,24237
206,ZCTA5 24239,24239
1666,ZCTA5 24243,24243
6085,ZCTA5 24244,24244
912,ZCTA5 24245,24245
309,ZCTA5 24246,24246
2196,ZCTA5 24248,24248
1217,ZCTA5 24250,24250
7647,ZCTA5 24251,24251
3585,ZCTA5 24256,24256
1495,ZCTA5 24258,24258
4940,ZCTA5 24260,24260
6144,ZCTA5 24263,24263
1328,ZCTA5 24265,24265
9301,ZCTA5 24266,24266
424,ZCTA5 24269,24269
468,ZCTA5 24270,24270
2495,ZCTA5 24271,24271
639,ZCTA5 24272,24272
6052,ZCTA5 24273,24273
6731,ZCTA5 24277,24277
5400,ZCTA5 24279,24279
1070,ZCTA5 24280,24280
2447,ZCTA5 24281,24281
672,ZCTA5 24282,24282
1831,ZCTA5 24283,24283
2127,ZCTA5 24290,24290
383,ZCTA5 24292,24292
9606,ZCTA5 24293,24293
13594,ZCTA5 24301,24301
1613,ZCTA5 24311,24311
2118,ZCTA5 24312,24312
704,ZCTA5 24313,24313
1199,ZCTA5 24314,24314
3765,ZCTA5 24315,24315
0,ZCTA5 24316,24316
4147,ZCTA5 24317,24317
567,ZCTA5 24318,24318
6838,ZCTA5 24319,24319
33,ZCTA5 24322,24322
919,ZCTA5 24323,24323
2373,ZCTA5 24324,24324
1017,ZCTA5 24325,24325
985,ZCTA5 24326,24326
1621,ZCTA5 24328,24328
2905,ZCTA5 24330,24330
17317,ZCTA5 24333,24333
6489,ZCTA5 24340,24340
9221,ZCTA5 24343,24343
1341,ZCTA5 24347,24347
4800,ZCTA5 24348,24348
1370,ZCTA5 24350,24350
313,ZCTA5 24351,24351
1168,ZCTA5 24352,24352
14137,ZCTA5 24354,24354
5816,ZCTA5 24360,24360
5484,ZCTA5 24361,24361
1256,ZCTA5 24363,24363
544,ZCTA5 24366,24366
5582,ZCTA5 24368,24368
6199,ZCTA5 24370,24370
793,ZCTA5 24374,24374
1670,ZCTA5 24375,24375
507,ZCTA5 24377,24377
998,ZCTA5 24378,24378
2782,ZCTA5 24380,24380
3727,ZCTA5 24381,24381
13839,ZCTA5 24382,24382
35772,ZCTA5 24401,24401
21,ZCTA5 24411,24411
174,ZCTA5 24412,24412
266,ZCTA5 24413,24413
0,ZCTA5 24415,24415
8901,ZCTA5 24416,24416
4189,ZCTA5 24421,24421
5953,ZCTA5 24422,24422
13258,ZCTA5 24426,24426
4025,ZCTA5 24430,24430
2567,ZCTA5 24431,24431
307,ZCTA5 24432,24432
77,ZCTA5 24433,24433
1707,ZCTA5 24435,24435
1520,ZCTA5 24437,24437
1208,ZCTA5 24439,24439
3003,ZCTA5 24440,24440
5765,ZCTA5 24441,24441
116,ZCTA5 24442,24442
2773,ZCTA5 24445,24445
393,ZCTA5 24448,24448
17385,ZCTA5 24450,24450
333,ZCTA5 24457,24457
241,ZCTA5 24458,24458
611,ZCTA5 24459,24459
915,ZCTA5 24460,24460
291,ZCTA5 24464,24464
1350,ZCTA5 24465,24465
2474,ZCTA5 24467,24467
1623,ZCTA5 24471,24471
1866,ZCTA5 24472,24472
854,ZCTA5 24473,24473
495,ZCTA5 24474,24474
234,ZCTA5 24476,24476
10851,ZCTA5 24477,24477
1737,ZCTA5 24479,24479
5297,ZCTA5 24482,24482
846,ZCTA5 24483,24483
556,ZCTA5 24484,24484
405,ZCTA5 24485,24485
3269,ZCTA5 24486,24486
379,ZCTA5 24487,24487
27828,ZCTA5 24501,24501
45450,ZCTA5 24502,24502
19682,ZCTA5 24503,24503
9331,ZCTA5 24504,24504
4958,ZCTA5 24517,24517
2158,ZCTA5 24520,24520
9184,ZCTA5 24521,24521
9230,ZCTA5 24522,24522
20791,ZCTA5 24523,24523
1431,ZCTA5 24526,24526
3141,ZCTA5 24527,24527
3530,ZCTA5 24528,24528
1602,ZCTA5 24529,24529
876,ZCTA5 24530,24530
8697,ZCTA5 24531,24531
1281,ZCTA5 24534,24534
223,ZCTA5 24536,24536
5601,ZCTA5 24538,24538
135,ZCTA5 24539,24539
31257,ZCTA5 24540,24540
27452,ZCTA5 24541,24541
3885,ZCTA5 24549,24549
7870,ZCTA5 24550,24550
26654,ZCTA5 24551,24551
2030,ZCTA5 24553,24553
3518,ZCTA5 24554,24554
2249,ZCTA5 24555,24555
2626,ZCTA5 24556,24556
7773,ZCTA5 24557,24557
6134,ZCTA5 24558,24558
661,ZCTA5 24562,24562
5164,ZCTA5 24563,24563
1010,ZCTA5 24565,24565
1260,ZCTA5 24566,24566
1112,ZCTA5 24569,24569
0,ZCTA5 24570,24570
2270,ZCTA5 24571,24571
16480,ZCTA5 24572,24572
4345,ZCTA5 24574,24574
4479,ZCTA5 24577,24577
948,ZCTA5 24578,24578
948,ZCTA5 24579,24579
578,ZCTA5 24580,24580
27,ZCTA5 24581,24581
5334,ZCTA5 24586,24586
9886,ZCTA5 24588,24588
2656,ZCTA5 24589,24589
8179,ZCTA5 24590,24590
13669,ZCTA5 24592,24592
2562,ZCTA5 24593,24593
1387,ZCTA5 24594,24594
608,ZCTA5 24595,24595
1088,ZCTA5 24597,24597
1596,ZCTA5 24598,24598
883,ZCTA5 24599,24599
0,ZCTA5 24601,24601
803,ZCTA5 24602,24602
743,ZCTA5 24603,24603
138,ZCTA5 24604,24604
7965,ZCTA5 24605,24605
130,ZCTA5 24606,24606
271,ZCTA5 24607,24607
6351,ZCTA5 24609,24609
153,ZCTA5 24612,24612
636,ZCTA5 24613,24613
6488,ZCTA5 24614,24614
3288,ZCTA5 24620,24620
539,ZCTA5 24622,24622
263,ZCTA5 24628,24628
6903,ZCTA5 24630,24630
2263,ZCTA5 24631,24631
422,ZCTA5 24634,24634
1407,ZCTA5 24635,24635
3954,ZCTA5 24637,24637
4025,ZCTA5 24639,24639
5532,ZCTA5 24641,24641
765,ZCTA5 24646,24646
2761,ZCTA5 24649,24649
5346,ZCTA5 24651,24651
2495,ZCTA5 24656,24656
504,ZCTA5 24657,24657
,,
,,
,,
,,
,,
,,
,,
,,
,,
,,
,,
,,
,,
,,
