,London,Bristol,Liverpool,Manchester,Newcastle,Birmingham,Sheffield,start,end,birth_per_cap
0,240,7,91,41,110,162,20,1948-01-10,1948-01-24,0.0006538461538461539
1,624,8,108,54,59,171,15,1948-01-24,1948-02-07,0.0006538461538461539
2,1160,4,162,126,74,285,10,1948-02-07,1948-02-21,0.0006538461538461539
3,1698,18,381,148,112,399,15,1948-02-21,1948-03-06,0.0006538461538461539
4,2560,19,568,135,139,600,17,1948-03-06,1948-03-20,0.0006538461538461539
5,3141,12,703,148,186,906,15,1948-03-20,1948-04-03,0.0006538461538461539
6,3528,12,829,240,203,968,21,1948-04-03,1948-04-17,0.0006538461538461539
7,2507,18,796,298,172,930,24,1948-04-17,1948-05-01,0.0006538461538461539
8,2037,17,836,318,239,945,35,1948-05-01,1948-05-15,0.0006538461538461539
9,2035,48,794,452,237,1413,59,1948-05-15,1948-05-29,0.0006538461538461539
10,1952,67,684,635,293,1235,76,1948-05-29,1948-06-12,0.0006538461538461539
11,1838,101,441,981,321,1032,83,1948-06-12,1948-06-26,0.0006538461538461539
12,1560,116,261,986,300,802,84,1948-06-26,1948-07-10,0.0006538461538461539
13,1187,201,173,923,261,616,115,1948-07-10,1948-07-24,0.0006538461538461539
14,1009,372,93,823,229,487,190,1948-07-24,1948-08-07,0.0006538461538461539
15,717,310,82,605,211,198,233,1948-08-07,1948-08-21,0.0006538461538461539
16,338,179,83,312,130,121,212,1948-08-21,1948-09-04,0.0006538461538461539
17,208,141,46,227,72,64,143,1948-09-04,1948-09-18,0.0006538461538461539
18,174,106,70,228,57,62,147,1948-09-18,1948-10-02,0.0006538461538461539
19,173,175,63,306,43,53,339,1948-10-02,1948-10-16,0.0006538461538461539
20,164,237,74,302,44,54,493,1948-10-16,1948-10-30,0.0006538461538461539
21,242,442,52,321,35,57,726,1948-10-30,1948-11-13,0.0006538461538461539
22,243,629,103,328,16,62,943,1948-11-13,1948-11-27,0.0006538461538461539
23,284,814,115,495,20,60,1183,1948-11-27,1948-12-11,0.0006538461538461539
24,356,817,149,633,14,61,1455,1948-12-11,1948-12-25,0.0006538461538461539
25,404,643,107,624,24,99,1328,1948-12-25,1949-01-08,0.0006538461538461539
26,638,883,149,782,70,131,1172,1949-01-08,1949-01-22,0.0006538461538461539
27,844,468,106,780,30,186,601,1949-01-22,1949-02-05,0.0006538461538461539
28,1305,531,113,916,101,453,447,1949-02-05,1949-02-19,0.0006538461538461539
29,1608,449,228,870,158,710,317,1949-02-19,1949-03-05,0.0006538461538461539
30,2115,339,215,657,134,930,259,1949-03-05,1949-03-19,0.0006538461538461539
31,2505,189,223,535,182,794,180,1949-03-19,1949-04-02,0.0006538461538461539
32,3240,166,264,395,291,870,84,1949-04-02,1949-04-16,0.0006538461538461539
33,3334,76,282,213,312,1017,108,1949-04-16,1949-04-30,0.0006538461538461539
34,2711,73,217,200,337,953,72,1949-04-30,1949-05-14,0.0006538461538461539
35,2213,72,221,128,278,882,64,1949-05-14,1949-05-28,0.0006538461538461539
36,2036,60,283,128,291,983,64,1949-05-28,1949-06-11,0.0006538461538461539
37,1709,64,325,140,385,1070,88,1949-06-11,1949-06-25,0.0006538461538461539
38,1327,50,437,161,244,708,104,1949-06-25,1949-07-09,0.0006538461538461539
39,1013,66,501,138,224,535,100,1949-07-09,1949-07-23,0.0006538461538461539
40,682,89,369,96,113,438,69,1949-07-23,1949-08-06,0.0006538461538461539
41,496,51,209,98,92,358,35,1949-08-06,1949-08-20,0.0006538461538461539
42,278,17,148,39,32,139,38,1949-08-20,1949-09-03,0.0006538461538461539
43,158,15,126,33,40,59,10,1949-09-03,1949-09-17,0.0006538461538461539
44,92,6,109,19,27,39,13,1949-09-17,1949-10-01,0.0006538461538461539
45,68,9,131,16,30,51,15,1949-10-01,1949-10-15,0.0006538461538461539
46,84,8,134,13,15,70,20,1949-10-15,1949-10-29,0.0006538461538461539
47,96,4,168,10,10,57,17,1949-10-29,1949-11-12,0.0006538461538461539
48,71,1,173,7,6,71,18,1949-11-12,1949-11-26,0.0006538461538461539
49,59,1,155,11,10,63,21,1949-11-26,1949-12-10,0.0006538461538461539
50,60,5,298,37,38,105,45,1949-12-10,1949-12-24,0.0006538461538461539
51,79,6,367,21,36,167,45,1949-12-24,1950-01-07,0.0006538461538461539
52,97,1,550,22,57,200,52,1950-01-07,1950-01-21,0.0005534615384615385
53,60,12,592,14,34,160,33,1950-01-21,1950-02-04,0.0005534615384615385
54,80,6,868,9,63,162,44,1950-02-04,1950-02-18,0.0005534615384615385
55,116,3,947,23,68,262,88,1950-02-18,1950-03-04,0.0005534615384615385
56,135,11,997,34,86,354,103,1950-03-04,1950-03-18,0.0005534615384615385
57,152,7,867,60,78,567,168,1950-03-18,1950-04-01,0.0005534615384615385
58,209,9,723,111,98,635,150,1950-04-01,1950-04-15,0.0005534615384615385
59,345,9,610,133,127,596,207,1950-04-15,1950-04-29,0.0005534615384615385
60,344,27,434,106,147,572,138,1950-04-29,1950-05-13,0.0005534615384615385
61,628,16,408,102,220,607,167,1950-05-13,1950-05-27,0.0005534615384615385
62,941,19,326,155,261,876,238,1950-05-27,1950-06-10,0.0005534615384615385
63,1142,17,304,254,348,935,215,1950-06-10,1950-06-24,0.0005534615384615385
64,1271,37,207,271,277,781,181,1950-06-24,1950-07-08,0.0005534615384615385
65,1296,45,171,389,234,579,166,1950-07-08,1950-07-22,0.0005534615384615385
66,1181,46,155,479,153,505,223,1950-07-22,1950-08-05,0.0005534615384615385
67,1138,59,97,447,92,421,258,1950-08-05,1950-08-19,0.0005534615384615385
68,678,76,81,314,69,240,187,1950-08-19,1950-09-02,0.0005534615384615385
69,361,56,65,237,40,109,124,1950-09-02,1950-09-16,0.0005534615384615385
70,347,76,40,268,33,104,91,1950-09-16,1950-09-30,0.0005534615384615385
71,506,226,46,437,18,75,120,1950-09-30,1950-10-14,0.0005534615384615385
72,669,226,18,671,10,121,256,1950-10-14,1950-10-28,0.0005534615384615385
73,983,207,24,774,10,186,264,1950-10-28,1950-11-11,0.0005534615384615385
74,1310,233,27,847,4,268,409,1950-11-11,1950-11-25,0.0005534615384615385
75,2037,338,35,1032,8,324,439,1950-11-25,1950-12-09,0.0005534615384615385
76,2770,458,26,1261,8,405,600,1950-12-09,1950-12-23,0.0005534615384615385
77,3478,617,23,1346,10,537,633,1950-12-23,1951-01-06,0.0005534615384615385
78,5178,649,21,1533,9,553,845,1951-01-06,1951-01-20,0.0005631153846153846
79,4395,418,65,994,14,405,570,1951-01-20,1951-02-03,0.0005631153846153846
80,5297,419,87,898,31,440,588,1951-02-03,1951-02-17,0.0005631153846153846
81,6924,673,119,825,53,691,591,1951-02-17,1951-03-03,0.0005631153846153846
82,6816,839,193,601,81,1152,531,1951-03-03,1951-03-17,0.0005631153846153846
83,5654,797,298,710,192,1705,590,1951-03-17,1951-03-31,0.0005631153846153846
84,4443,840,502,643,179,1720,653,1951-03-31,1951-04-14,0.0005631153846153846
85,2821,505,515,478,209,1703,434,1951-04-14,1951-04-28,0.0005631153846153846
86,1888,428,616,426,261,1688,370,1951-04-28,1951-05-12,0.0005631153846153846
87,1582,354,928,319,480,1563,421,1951-05-12,1951-05-26,0.0005631153846153846
88,1288,316,1018,246,613,1397,356,1951-05-26,1951-06-09,0.0005631153846153846
89,846,226,980,224,536,1064,293,1951-06-09,1951-06-23,0.0005631153846153846
90,565,112,858,216,495,608,280,1951-06-23,1951-07-07,0.0005631153846153846
91,413,91,629,110,374,379,308,1951-07-07,1951-07-21,0.0005631153846153846
92,269,51,533,49,223,265,218,1951-07-21,1951-08-04,0.0005631153846153846
93,162,34,434,40,140,154,150,1951-08-04,1951-08-18,0.0005631153846153846
94,109,13,285,30,64,98,79,1951-08-18,1951-09-01,0.0005631153846153846
95,118,8,220,17,44,62,31,1951-09-01,1951-09-15,0.0005631153846153846
96,76,9,182,20,33,36,11,1951-09-15,1951-09-29,0.0005631153846153846
97,40,3,243,30,15,20,9,1951-09-29,1951-10-13,0.0005631153846153846
98,103,40,270,54,15,33,6,1951-10-13,1951-10-27,0.0005631153846153846
99,118,45,263,58,18,61,7,1951-10-27,1951-11-10,0.0005631153846153846
100,97,46,274,85,19,52,7,1951-11-10,1951-11-24,0.0005631153846153846
101,50,53,266,87,19,61,4,1951-11-24,1951-12-08,0.0005631153846153846
102,46,80,288,93,38,66,4,1951-12-08,1951-12-22,0.0005631153846153846
103,47,41,320,77,12,81,3,1951-12-22,1952-01-05,0.0005631153846153846
104,79,27,469,147,28,66,7,1952-01-05,1952-01-19,0.0005727692307692308
105,85,10,391,190,30,95,17,1952-01-19,1952-02-02,0.0005727692307692308
106,115,21,482,354,19,122,23,1952-02-02,1952-02-16,0.0005727692307692308
107,226,25,563,375,49,175,18,1952-02-16,1952-03-01,0.0005727692307692308
108,371,55,700,443,99,294,16,1952-03-01,1952-03-15,0.0005727692307692308
109,457,41,730,447,119,350,31,1952-03-15,1952-03-29,0.0005727692307692308
110,501,50,653,590,130,356,79,1952-03-29,1952-04-12,0.0005727692307692308
111,504,61,468,571,193,319,161,1952-04-12,1952-04-26,0.0005727692307692308
112,497,59,529,453,261,241,200,1952-04-26,1952-05-10,0.0005727692307692308
113,560,80,517,380,188,183,204,1952-05-10,1952-05-24,0.0005727692307692308
114,849,131,657,382,255,277,348,1952-05-24,1952-06-07,0.0005727692307692308
115,1298,152,597,386,329,188,440,1952-06-07,1952-06-21,0.0005727692307692308
116,1353,200,639,444,371,216,433,1952-06-21,1952-07-05,0.0005727692307692308
117,1396,237,296,507,353,182,389,1952-07-05,1952-07-19,0.0005727692307692308
118,1574,178,346,501,227,205,400,1952-07-19,1952-08-02,0.0005727692307692308
119,1870,155,127,490,234,244,405,1952-08-02,1952-08-16,0.0005727692307692308
120,1324,92,77,345,155,218,314,1952-08-16,1952-08-30,0.0005727692307692308
121,692,97,54,152,110,128,146,1952-08-30,1952-09-13,0.0005727692307692308
122,512,32,31,138,67,77,87,1952-09-13,1952-09-27,0.0005727692307692308
123,908,44,55,146,34,144,56,1952-09-27,1952-10-11,0.0005727692307692308
124,1646,58,72,225,55,167,67,1952-10-11,1952-10-25,0.0005727692307692308
125,2346,54,41,311,62,303,73,1952-10-25,1952-11-08,0.0005727692307692308
126,2197,20,48,390,73,489,96,1952-11-08,1952-11-22,0.0005727692307692308
127,2689,15,55,417,118,705,172,1952-11-22,1952-12-06,0.0005727692307692308
128,2892,40,80,462,132,1285,197,1952-12-06,1952-12-20,0.0005727692307692308
129,2793,69,71,512,189,1752,194,1952-12-20,1953-01-03,0.0005727692307692308
130,4610,174,132,871,421,2690,248,1953-01-03,1953-01-17,0.000582423076923077
131,3198,170,96,656,284,1936,273,1953-01-17,1953-01-31,0.000582423076923077
132,3131,294,171,642,259,2509,532,1953-01-31,1953-02-14,0.000582423076923077
133,3339,587,223,670,292,2748,579,1953-02-14,1953-02-28,0.000582423076923077
134,3245,701,296,596,219,1892,639,1953-02-28,1953-03-14,0.000582423076923077
135,2810,754,548,594,224,1566,670,1953-03-14,1953-03-28,0.000582423076923077
136,2086,997,884,582,231,1185,690,1953-03-28,1953-04-11,0.000582423076923077
137,1867,1194,992,606,256,747,701,1953-04-11,1953-04-25,0.000582423076923077
138,1048,862,732,567,177,425,478,1953-04-25,1953-05-09,0.000582423076923077
139,674,687,842,385,131,196,321,1953-05-09,1953-05-23,0.000582423076923077
140,614,458,852,300,94,128,316,1953-05-23,1953-06-06,0.000582423076923077
141,504,264,948,280,71,124,243,1953-06-06,1953-06-20,0.000582423076923077
142,464,177,1046,154,83,91,235,1953-06-20,1953-07-04,0.000582423076923077
143,255,111,762,136,58,89,188,1953-07-04,1953-07-18,0.000582423076923077
144,172,64,531,84,33,49,118,1953-07-18,1953-08-01,0.000582423076923077
145,130,30,372,46,26,20,77,1953-08-01,1953-08-15,0.000582423076923077
146,96,17,139,32,13,28,38,1953-08-15,1953-08-29,0.000582423076923077
147,47,8,84,30,10,29,13,1953-08-29,1953-09-12,0.000582423076923077
148,35,3,41,6,7,17,11,1953-09-12,1953-09-26,0.000582423076923077
149,22,5,59,15,4,11,8,1953-09-26,1953-10-10,0.000582423076923077
150,38,3,60,8,1,6,5,1953-10-10,1953-10-24,0.000582423076923077
151,31,1,55,9,1,6,5,1953-10-24,1953-11-07,0.000582423076923077
152,55,17,46,8,3,8,3,1953-11-07,1953-11-21,0.000582423076923077
153,35,0,51,10,25,7,12,1953-11-21,1953-12-05,0.000582423076923077
154,29,3,47,6,11,9,4,1953-12-05,1953-12-19,0.000582423076923077
155,13,0,42,2,1,8,4,1953-12-19,1954-01-02,0.000582423076923077
156,71,1,82,9,10,28,12,1954-01-02,1954-01-16,0.000592076923076923
157,30,5,62,8,2,11,4,1954-01-16,1954-01-30,0.000592076923076923
158,30,2,44,8,2,11,4,1954-01-30,1954-02-13,0.000592076923076923
159,45,3,94,12,1,8,9,1954-02-13,1954-02-27,0.000592076923076923
160,66,8,106,14,3,15,12,1954-02-27,1954-03-13,0.000592076923076923
161,98,3,153,14,2,7,9,1954-03-13,1954-03-27,0.000592076923076923
162,77,1,226,21,5,9,7,1954-03-27,1954-04-10,0.000592076923076923
163,134,0,216,8,2,8,8,1954-04-10,1954-04-24,0.000592076923076923
164,165,1,252,13,6,9,13,1954-04-24,1954-05-08,0.000592076923076923
165,129,2,244,14,9,9,7,1954-05-08,1954-05-22,0.000592076923076923
166,103,4,267,26,19,16,10,1954-05-22,1954-06-05,0.000592076923076923
167,151,0,332,102,73,21,10,1954-06-05,1954-06-19,0.000592076923076923
168,174,10,436,119,80,13,23,1954-06-19,1954-07-03,0.000592076923076923
169,215,15,474,119,99,17,11,1954-07-03,1954-07-17,0.000592076923076923
170,360,14,493,151,87,14,38,1954-07-17,1954-07-31,0.000592076923076923
171,273,27,520,200,79,14,26,1954-07-31,1954-08-14,0.000592076923076923
172,228,14,437,176,44,26,32,1954-08-14,1954-08-28,0.000592076923076923
173,144,8,331,154,36,19,17,1954-08-28,1954-09-11,0.000592076923076923
174,144,7,281,196,21,19,17,1954-09-11,1954-09-25,0.000592076923076923
175,205,2,314,450,17,14,15,1954-09-25,1954-10-09,0.000592076923076923
176,344,1,372,706,27,16,24,1954-10-09,1954-10-23,0.000592076923076923
177,458,2,444,1036,46,14,71,1954-10-23,1954-11-06,0.000592076923076923
178,494,0,516,1233,50,20,81,1954-11-06,1954-11-20,0.000592076923076923
179,535,4,607,1509,48,38,62,1954-11-20,1954-12-04,0.000592076923076923
180,863,21,657,1766,51,28,59,1954-12-04,1954-12-18,0.000592076923076923
181,1098,43,411,1267,47,38,125,1954-12-18,1955-01-01,0.000592076923076923
182,1992,56,583,1260,48,69,155,1955-01-01,1955-01-15,0.0006017307692307692
183,1447,40,370,824,70,115,137,1955-01-15,1955-01-29,0.0006017307692307692
184,2432,58,386,829,189,382,264,1955-01-29,1955-02-12,0.0006017307692307692
185,4347,104,453,1021,455,811,422,1955-02-12,1955-02-26,0.0006017307692307692
186,6106,96,535,833,636,1721,838,1955-02-26,1955-03-12,0.0006017307692307692
187,6311,123,416,552,610,2871,1165,1955-03-12,1955-03-26,0.0006017307692307692
188,7440,180,406,349,536,4110,1510,1955-03-26,1955-04-09,0.0006017307692307692
189,6380,298,349,231,404,4277,1519,1955-04-09,1955-04-23,0.0006017307692307692
190,4403,450,432,160,403,3298,1066,1955-04-23,1955-05-07,0.0006017307692307692
191,2299,679,389,150,323,2197,649,1955-05-07,1955-05-21,0.0006017307692307692
192,1885,1245,361,97,236,1805,586,1955-05-21,1955-06-04,0.0006017307692307692
193,1724,1538,291,103,150,1171,530,1955-06-04,1955-06-18,0.0006017307692307692
194,1002,1529,277,115,110,777,370,1955-06-18,1955-07-02,0.0006017307692307692
195,722,1149,282,90,88,579,198,1955-07-02,1955-07-16,0.0006017307692307692
196,464,817,175,68,35,210,156,1955-07-16,1955-07-30,0.0006017307692307692
197,296,502,126,54,15,114,79,1955-07-30,1955-08-13,0.0006017307692307692
198,206,213,86,68,16,52,27,1955-08-13,1955-08-27,0.0006017307692307692
199,134,55,57,59,9,24,12,1955-08-27,1955-09-10,0.0006017307692307692
200,60,20,38,32,4,17,15,1955-09-10,1955-09-24,0.0006017307692307692
201,56,10,48,24,6,20,2,1955-09-24,1955-10-08,0.0006017307692307692
202,70,8,35,33,0,22,2,1955-10-08,1955-10-22,0.0006017307692307692
203,66,4,28,16,0,16,5,1955-10-22,1955-11-05,0.0006017307692307692
204,64,4,35,24,4,11,5,1955-11-05,1955-11-19,0.0006017307692307692
205,59,2,33,21,3,18,11,1955-11-19,1955-12-03,0.0006017307692307692
206,42,6,42,13,7,13,19,1955-12-03,1955-12-17,0.0006017307692307692
207,28,2,26,17,9,13,16,1955-12-17,1955-12-31,0.0006017307692307692
208,48,0,32,44,7,11,20,1955-12-31,1956-01-14,0.0006017307692307692
209,46,6,26,24,19,13,7,1956-01-14,1956-01-28,0.0006113846153846154
210,48,3,45,28,23,12,2,1956-01-28,1956-02-11,0.0006113846153846154
211,112,0,89,34,19,4,19,1956-02-11,1956-02-25,0.0006113846153846154
212,125,7,88,38,10,10,7,1956-02-25,1956-03-10,0.0006113846153846154
213,110,3,63,30,33,5,2,1956-03-10,1956-03-24,0.0006113846153846154
214,142,2,42,17,4,8,3,1956-03-24,1956-04-07,0.0006113846153846154
215,189,6,79,22,7,10,4,1956-04-07,1956-04-21,0.0006113846153846154
216,163,6,110,21,9,12,17,1956-04-21,1956-05-05,0.0006113846153846154
217,260,19,235,12,6,7,1,1956-05-05,1956-05-19,0.0006113846153846154
218,455,34,318,13,6,16,4,1956-05-19,1956-06-02,0.0006113846153846154
219,633,30,395,23,6,13,3,1956-06-02,1956-06-16,0.0006113846153846154
220,562,47,395,44,13,18,2,1956-06-16,1956-06-30,0.0006113846153846154
221,679,45,503,28,13,18,7,1956-06-30,1956-07-14,0.0006113846153846154
222,616,35,512,29,6,20,4,1956-07-14,1956-07-28,0.0006113846153846154
223,621,33,508,38,2,23,8,1956-07-28,1956-08-11,0.0006113846153846154
224,470,29,298,51,5,9,2,1956-08-11,1956-08-25,0.0006113846153846154
225,358,20,242,41,2,15,5,1956-08-25,1956-09-08,0.0006113846153846154
226,202,4,182,49,3,11,4,1956-09-08,1956-09-22,0.0006113846153846154
227,185,4,217,61,9,17,6,1956-09-22,1956-10-06,0.0006113846153846154
228,286,1,208,95,13,16,7,1956-10-06,1956-10-20,0.0006113846153846154
229,385,1,309,140,39,21,10,1956-10-20,1956-11-03,0.0006113846153846154
230,425,1,321,121,34,32,8,1956-11-03,1956-11-17,0.0006113846153846154
231,534,2,378,136,41,49,5,1956-11-17,1956-12-01,0.0006113846153846154
232,656,3,372,287,56,90,16,1956-12-01,1956-12-15,0.0006113846153846154
233,794,3,405,449,138,76,15,1956-12-15,1956-12-29,0.0006113846153846154
234,1236,9,639,680,270,110,13,1956-12-29,1957-01-12,0.0006113846153846154
235,1354,13,590,597,561,129,28,1957-01-12,1957-01-26,0.0006210384615384615
236,1653,35,663,947,722,131,36,1957-01-26,1957-02-09,0.0006210384615384615
237,2861,49,928,1178,1103,276,85,1957-02-09,1957-02-23,0.0006210384615384615
238,3821,80,976,1461,1060,516,167,1957-02-23,1957-03-09,0.0006210384615384615
239,4057,128,1152,1482,810,864,253,1957-03-09,1957-03-23,0.0006210384615384615
240,3758,182,1222,1240,524,1362,312,1957-03-23,1957-04-06,0.0006210384615384615
241,4023,341,814,1140,266,1973,405,1957-04-06,1957-04-20,0.0006210384615384615
242,3547,541,600,969,116,2144,463,1957-04-20,1957-05-04,0.0006210384615384615
243,2809,639,441,640,65,1791,516,1957-05-04,1957-05-18,0.0006210384615384615
244,1940,640,438,433,39,1655,762,1957-05-18,1957-06-01,0.0006210384615384615
245,1857,824,413,356,30,1883,1213,1957-06-01,1957-06-15,0.0006210384615384615
246,1608,894,335,329,27,1907,1541,1957-06-15,1957-06-29,0.0006210384615384615
247,1011,789,289,223,17,1186,1053,1957-06-29,1957-07-13,0.0006210384615384615
248,569,652,244,172,25,854,754,1957-07-13,1957-07-27,0.0006210384615384615
249,435,471,173,94,17,690,444,1957-07-27,1957-08-10,0.0006210384615384615
250,310,276,145,55,10,318,248,1957-08-10,1957-08-24,0.0006210384615384615
251,150,113,103,11,13,139,97,1957-08-24,1957-09-07,0.0006210384615384615
252,81,42,62,20,9,102,29,1957-09-07,1957-09-21,0.0006210384615384615
253,48,71,40,13,1,25,4,1957-09-21,1957-10-05,0.0006210384615384615
254,47,58,16,17,3,35,11,1957-10-05,1957-10-19,0.0006210384615384615
255,50,56,14,22,0,12,13,1957-10-19,1957-11-02,0.0006210384615384615
256,53,65,28,46,1,20,4,1957-11-02,1957-11-16,0.0006210384615384615
257,67,48,38,51,1,23,0,1957-11-16,1957-11-30,0.0006210384615384615
258,81,39,46,30,2,22,0,1957-11-30,1957-12-14,0.0006210384615384615
259,75,52,50,31,0,25,2,1957-12-14,1957-12-28,0.0006210384615384615
260,50,21,89,36,2,14,4,1957-12-28,1958-01-11,0.0006210384615384615
261,57,24,49,36,0,19,2,1958-01-11,1958-01-25,0.0006306923076923077
262,95,6,84,44,4,66,2,1958-01-25,1958-02-08,0.0006306923076923077
263,153,21,118,67,2,34,3,1958-02-08,1958-02-22,0.0006306923076923077
264,263,51,289,68,2,80,4,1958-02-22,1958-03-08,0.0006306923076923077
265,350,46,338,43,3,58,4,1958-03-08,1958-03-22,0.0006306923076923077
266,397,95,317,59,0,96,1,1958-03-22,1958-04-05,0.0006306923076923077
267,531,79,300,84,3,206,6,1958-04-05,1958-04-19,0.0006306923076923077
268,738,129,304,104,3,198,11,1958-04-19,1958-05-03,0.0006306923076923077
269,632,107,265,78,2,214,3,1958-05-03,1958-05-17,0.0006306923076923077
270,1032,160,304,56,5,177,2,1958-05-17,1958-05-31,0.0006306923076923077
271,1141,233,316,93,5,193,11,1958-05-31,1958-06-14,0.0006306923076923077
272,972,254,406,125,8,234,23,1958-06-14,1958-06-28,0.0006306923076923077
273,958,254,481,173,7,323,16,1958-06-28,1958-07-12,0.0006306923076923077
274,1105,211,553,176,4,401,29,1958-07-12,1958-07-26,0.0006306923076923077
275,969,217,498,215,6,496,29,1958-07-26,1958-08-09,0.0006306923076923077
276,601,194,362,176,3,363,26,1958-08-09,1958-08-23,0.0006306923076923077
277,420,111,202,126,13,163,29,1958-08-23,1958-09-06,0.0006306923076923077
278,212,61,135,94,13,102,16,1958-09-06,1958-09-20,0.0006306923076923077
279,220,35,91,112,5,66,9,1958-09-20,1958-10-04,0.0006306923076923077
280,286,52,126,155,6,54,10,1958-10-04,1958-10-18,0.0006306923076923077
281,441,58,161,119,5,85,34,1958-10-18,1958-11-01,0.0006306923076923077
282,607,58,180,156,1,103,42,1958-11-01,1958-11-15,0.0006306923076923077
283,713,52,266,170,5,83,57,1958-11-15,1958-11-29,0.0006306923076923077
284,959,60,245,215,19,127,109,1958-11-29,1958-12-13,0.0006306923076923077
285,1299,78,376,190,58,179,141,1958-12-13,1958-12-27,0.0006306923076923077
286,2083,119,477,207,81,190,275,1958-12-27,1959-01-10,0.0006306923076923077
287,2069,76,573,283,178,293,394,1959-01-10,1959-01-24,0.0006453076923076922
288,2285,83,415,397,152,472,409,1959-01-24,1959-02-07,0.0006453076923076922
289,2838,146,430,518,407,907,637,1959-02-07,1959-02-21,0.0006453076923076922
290,2980,290,504,439,579,1183,760,1959-02-21,1959-03-07,0.0006453076923076922
291,2845,328,268,583,570,1113,686,1959-03-07,1959-03-21,0.0006453076923076922
292,2622,308,309,506,739,1088,679,1959-03-21,1959-04-04,0.0006453076923076922
293,2764,425,345,651,759,1464,545,1959-04-04,1959-04-18,0.0006453076923076922
294,1667,340,258,580,512,918,355,1959-04-18,1959-05-02,0.0006453076923076922
295,1313,631,246,500,452,717,319,1959-05-02,1959-05-16,0.0006453076923076922
296,1392,624,304,541,356,762,453,1959-05-16,1959-05-30,0.0006453076923076922
297,1259,491,295,467,251,724,529,1959-05-30,1959-06-13,0.0006453076923076922
298,990,407,288,379,170,524,547,1959-06-13,1959-06-27,0.0006453076923076922
299,746,429,280,328,296,440,493,1959-06-27,1959-07-11,0.0006453076923076922
300,507,292,294,242,149,307,366,1959-07-11,1959-07-25,0.0006453076923076922
301,313,208,207,170,52,238,252,1959-07-25,1959-08-08,0.0006453076923076922
302,230,113,141,106,35,128,111,1959-08-08,1959-08-22,0.0006453076923076922
303,158,59,83,62,23,83,56,1959-08-22,1959-09-05,0.0006453076923076922
304,75,24,68,17,13,39,22,1959-09-05,1959-09-19,0.0006453076923076922
305,49,13,36,25,10,38,7,1959-09-19,1959-10-03,0.0006453076923076922
306,62,19,61,49,11,18,24,1959-10-03,1959-10-17,0.0006453076923076922
307,51,10,95,30,2,24,23,1959-10-17,1959-10-31,0.0006453076923076922
308,37,2,163,33,4,47,24,1959-10-31,1959-11-14,0.0006453076923076922
309,35,4,148,19,3,28,9,1959-11-14,1959-11-28,0.0006453076923076922
310,45,5,168,22,2,36,29,1959-11-28,1959-12-12,0.0006453076923076922
311,39,4,155,28,3,11,23,1959-12-12,1959-12-26,0.0006453076923076922
312,37,3,115,28,7,23,20,1959-12-26,1960-01-09,0.0006453076923076922
313,34,5,117,34,10,32,11,1960-01-09,1960-01-23,0.0006599615384615385
314,45,2,107,32,4,7,6,1960-01-23,1960-02-06,0.0006599615384615385
315,78,6,121,44,2,10,2,1960-02-06,1960-02-20,0.0006599615384615385
316,107,2,219,98,1,9,5,1960-02-20,1960-03-05,0.0006599615384615385
317,185,5,270,115,3,11,12,1960-03-05,1960-03-19,0.0006599615384615385
318,183,6,284,104,2,11,13,1960-03-19,1960-04-02,0.0006599615384615385
319,156,10,406,164,0,8,1,1960-04-02,1960-04-16,0.0006599615384615385
320,177,12,341,166,2,7,1,1960-04-16,1960-04-30,0.0006599615384615385
321,218,6,345,138,2,7,3,1960-04-30,1960-05-14,0.0006599615384615385
322,181,8,369,174,7,14,7,1960-05-14,1960-05-28,0.0006599615384615385
323,236,4,479,211,5,11,12,1960-05-28,1960-06-11,0.0006599615384615385
324,268,13,604,206,7,15,10,1960-06-11,1960-06-25,0.0006599615384615385
325,268,19,528,227,9,8,20,1960-06-25,1960-07-09,0.0006599615384615385
326,208,25,549,248,10,26,25,1960-07-09,1960-07-23,0.0006599615384615385
327,302,27,464,233,4,33,59,1960-07-23,1960-08-06,0.0006599615384615385
328,280,35,388,193,8,15,45,1960-08-06,1960-08-20,0.0006599615384615385
329,194,19,247,159,5,21,50,1960-08-20,1960-09-03,0.0006599615384615385
330,107,6,155,114,12,20,32,1960-09-03,1960-09-17,0.0006599615384615385
331,102,14,142,102,8,17,30,1960-09-17,1960-10-01,0.0006599615384615385
332,198,22,173,117,5,37,22,1960-10-01,1960-10-15,0.0006599615384615385
333,356,22,288,140,4,46,18,1960-10-15,1960-10-29,0.0006599615384615385
334,549,48,410,238,2,78,18,1960-10-29,1960-11-12,0.0006599615384615385
335,603,28,421,234,1,95,19,1960-11-12,1960-11-26,0.0006599615384615385
336,800,27,450,194,7,139,37,1960-11-26,1960-12-10,0.0006599615384615385
337,1120,45,484,301,14,126,69,1960-12-10,1960-12-24,0.0006599615384615385
338,1636,140,468,370,45,424,98,1960-12-24,1961-01-07,0.0006599615384615385
339,2700,172,538,564,102,747,171,1961-01-07,1961-01-21,0.0006745769230769231
340,2639,134,389,422,84,682,293,1961-01-21,1961-02-04,0.0006745769230769231
341,4805,199,321,450,344,1349,477,1961-02-04,1961-02-18,0.0006745769230769231
342,6543,324,363,629,430,2200,692,1961-02-18,1961-03-04,0.0006745769230769231
343,6389,382,370,613,484,2682,708,1961-03-04,1961-03-18,0.0006745769230769231
344,5545,499,268,617,526,2663,763,1961-03-18,1961-04-01,0.0006745769230769231
345,5374,789,302,516,431,2367,806,1961-04-01,1961-04-15,0.0006745769230769231
346,4272,1070,345,464,653,2375,763,1961-04-15,1961-04-29,0.0006745769230769231
347,2322,998,187,301,321,1174,497,1961-04-29,1961-05-13,0.0006745769230769231
348,1810,1024,242,264,561,1020,676,1961-05-13,1961-05-27,0.0006745769230769231
349,1409,979,272,265,318,724,611,1961-05-27,1961-06-10,0.0006745769230769231
350,1037,654,321,160,361,529,595,1961-06-10,1961-06-24,0.0006745769230769231
351,767,525,339,217,253,473,387,1961-06-24,1961-07-08,0.0006745769230769231
352,514,334,358,182,109,222,279,1961-07-08,1961-07-22,0.0006745769230769231
353,375,232,294,152,62,220,163,1961-07-22,1961-08-05,0.0006745769230769231
354,265,193,212,120,31,59,94,1961-08-05,1961-08-19,0.0006745769230769231
355,199,102,121,105,12,95,44,1961-08-19,1961-09-02,0.0006745769230769231
356,121,38,89,57,27,40,22,1961-09-02,1961-09-16,0.0006745769230769231
357,86,9,45,67,3,27,10,1961-09-16,1961-09-30,0.0006745769230769231
358,76,5,39,63,2,19,9,1961-09-30,1961-10-14,0.0006745769230769231
359,89,10,28,54,14,29,13,1961-10-14,1961-10-28,0.0006745769230769231
360,87,4,32,37,1,8,15,1961-10-28,1961-11-11,0.0006745769230769231
361,73,2,18,77,0,14,9,1961-11-11,1961-11-25,0.0006745769230769231
362,70,1,11,85,6,17,17,1961-11-25,1961-12-09,0.0006745769230769231
363,59,2,27,73,0,13,14,1961-12-09,1961-12-23,0.0006745769230769231
364,45,1,14,35,0,21,16,1961-12-23,1962-01-06,0.0006745769230769231
365,54,2,16,65,0,12,16,1962-01-06,1962-01-20,0.0006892307692307693
366,61,1,43,30,3,11,14,1962-01-20,1962-02-03,0.0006892307692307693
367,93,2,33,38,0,20,4,1962-02-03,1962-02-17,0.0006892307692307693
368,121,2,52,52,4,25,4,1962-02-17,1962-03-03,0.0006892307692307693
369,142,2,49,76,4,37,4,1962-03-03,1962-03-17,0.0006892307692307693
370,203,0,70,91,1,42,3,1962-03-17,1962-03-31,0.0006892307692307693
371,255,5,123,80,1,39,5,1962-03-31,1962-04-14,0.0006892307692307693
372,273,3,86,66,2,57,5,1962-04-14,1962-04-28,0.0006892307692307693
373,227,2,90,63,6,70,9,1962-04-28,1962-05-12,0.0006892307692307693
374,216,5,59,57,3,63,2,1962-05-12,1962-05-26,0.0006892307692307693
375,132,2,72,66,3,32,12,1962-05-26,1962-06-09,0.0006892307692307693
376,122,0,90,46,1,37,1,1962-06-09,1962-06-23,0.0006892307692307693
377,138,1,144,90,5,45,20,1962-06-23,1962-07-07,0.0006892307692307693
378,143,2,233,113,2,37,8,1962-07-07,1962-07-21,0.0006892307692307693
379,265,1,401,132,7,71,13,1962-07-21,1962-08-04,0.0006892307692307693
380,242,0,474,151,1,48,10,1962-08-04,1962-08-18,0.0006892307692307693
381,208,1,511,108,10,32,19,1962-08-18,1962-09-01,0.0006892307692307693
382,177,2,364,47,9,20,18,1962-09-01,1962-09-15,0.0006892307692307693
383,128,4,198,43,8,22,19,1962-09-15,1962-09-29,0.0006892307692307693
384,279,6,350,66,11,42,48,1962-09-29,1962-10-13,0.0006892307692307693
385,380,4,658,77,11,119,147,1962-10-13,1962-10-27,0.0006892307692307693
386,588,3,1159,107,9,179,214,1962-10-27,1962-11-10,0.0006892307692307693
387,770,4,1382,138,21,250,241,1962-11-10,1962-11-24,0.0006892307692307693
388,1025,14,1458,183,28,432,281,1962-11-24,1962-12-08,0.0006892307692307693
389,1560,41,1362,280,76,655,576,1962-12-08,1962-12-22,0.0006892307692307693
390,1481,31,966,357,125,715,559,1962-12-22,1963-01-05,0.0006892307692307693
391,2473,150,1183,680,482,1444,965,1963-01-05,1963-01-19,0.0007038461538461539
392,1697,190,539,507,361,1161,651,1963-01-19,1963-02-02,0.0007038461538461539
393,2091,419,368,636,859,1684,827,1963-02-02,1963-02-16,0.0007038461538461539
394,2300,371,314,824,698,1783,906,1963-02-16,1963-03-02,0.0007038461538461539
395,2173,523,166,622,298,1528,764,1963-03-02,1963-03-16,0.0007038461538461539
396,1999,431,133,410,188,1510,640,1963-03-16,1963-03-30,0.0007038461538461539
397,2486,495,106,386,211,1373,420,1963-03-30,1963-04-13,0.0007038461538461539
398,2625,568,123,306,72,750,300,1963-04-13,1963-04-27,0.0007038461538461539
399,2434,640,136,350,64,632,278,1963-04-27,1963-05-11,0.0007038461538461539
400,1469,606,101,205,48,444,172,1963-05-11,1963-05-25,0.0007038461538461539
401,1397,696,118,253,24,458,176,1963-05-25,1963-06-08,0.0007038461538461539
402,1525,625,94,303,35,394,157,1963-06-08,1963-06-22,0.0007038461538461539
403,1159,441,117,245,35,273,161,1963-06-22,1963-07-06,0.0007038461538461539
404,948,305,99,151,51,173,194,1963-07-06,1963-07-20,0.0007038461538461539
405,960,220,103,131,32,162,152,1963-07-20,1963-08-03,0.0007038461538461539
406,569,182,87,128,36,91,110,1963-08-03,1963-08-17,0.0007038461538461539
407,358,65,74,85,8,136,52,1963-08-17,1963-08-31,0.0007038461538461539
408,151,76,58,31,43,58,28,1963-08-31,1963-09-14,0.0007038461538461539
409,88,38,63,26,30,50,25,1963-09-14,1963-09-28,0.0007038461538461539
410,85,19,66,39,19,25,69,1963-09-28,1963-10-12,0.0007038461538461539
411,65,27,104,61,39,29,63,1963-10-12,1963-10-26,0.0007038461538461539
412,81,15,121,44,111,38,66,1963-10-26,1963-11-09,0.0007038461538461539
413,104,53,127,36,104,68,70,1963-11-09,1963-11-23,0.0007038461538461539
414,90,65,175,24,59,61,68,1963-11-23,1963-12-07,0.0007038461538461539
415,78,39,213,25,53,70,52,1963-12-07,1963-12-21,0.0007038461538461539
416,55,47,198,15,79,35,29,1963-12-21,1964-01-04,0.0007038461538461539
417,76,44,331,35,59,167,75,1964-01-04,1964-01-18,0.0006931923076923077
418,77,27,234,71,45,104,37,1964-01-18,1964-02-01,0.0006931923076923077
419,135,87,267,100,24,123,61,1964-02-01,1964-02-15,0.0006931923076923077
420,135,117,373,74,48,146,73,1964-02-15,1964-02-29,0.0006931923076923077
421,160,92,461,64,32,213,48,1964-02-29,1964-03-14,0.0006931923076923077
422,248,95,516,58,40,282,59,1964-03-14,1964-03-28,0.0006931923076923077
423,291,48,412,46,31,323,42,1964-03-28,1964-04-11,0.0006931923076923077
424,246,67,389,48,41,351,23,1964-04-11,1964-04-25,0.0006931923076923077
425,210,45,301,55,43,316,18,1964-04-25,1964-05-09,0.0006931923076923077
426,326,60,287,104,85,389,26,1964-05-09,1964-05-23,0.0006931923076923077
427,414,59,325,239,59,493,68,1964-05-23,1964-06-06,0.0006931923076923077
428,485,41,373,191,81,551,80,1964-06-06,1964-06-20,0.0006931923076923077
429,565,31,452,250,90,501,115,1964-06-20,1964-07-04,0.0006931923076923077
430,702,38,515,313,110,497,204,1964-07-04,1964-07-18,0.0006931923076923077
431,741,59,339,244,44,307,206,1964-07-18,1964-08-01,0.0006931923076923077
432,920,134,365,339,82,402,345,1964-08-01,1964-08-15,0.0006931923076923077
433,607,116,168,248,63,215,260,1964-08-15,1964-08-29,0.0006931923076923077
434,367,68,136,154,43,80,126,1964-08-29,1964-09-12,0.0006931923076923077
435,309,28,52,94,13,53,111,1964-09-12,1964-09-26,0.0006931923076923077
436,264,47,82,98,3,95,86,1964-09-26,1964-10-10,0.0006931923076923077
437,432,52,75,119,4,69,205,1964-10-10,1964-10-24,0.0006931923076923077
438,546,48,111,166,14,98,313,1964-10-24,1964-11-07,0.0006931923076923077
439,785,72,101,180,10,113,300,1964-11-07,1964-11-21,0.0006931923076923077
440,1102,47,130,273,23,186,336,1964-11-21,1964-12-05,0.0006931923076923077
441,1374,70,146,305,20,298,417,1964-12-05,1964-12-19,0.0006931923076923077
442,1476,76,112,303,41,234,347,1964-12-19,1965-01-02,0.0006931923076923077
443,2329,137,239,430,52,383,463,1965-01-02,1965-01-16,0.000682576923076923
444,2001,143,220,386,124,358,369,1965-01-16,1965-01-30,0.000682576923076923
445,2446,302,203,477,176,310,418,1965-01-30,1965-02-13,0.000682576923076923
446,3564,402,284,471,307,540,657,1965-02-13,1965-02-27,0.000682576923076923
447,3748,422,305,388,504,603,551,1965-02-27,1965-03-13,0.000682576923076923
448,2984,485,231,286,329,595,313,1965-03-13,1965-03-27,0.000682576923076923
449,5035,490,267,285,234,718,289,1965-03-27,1965-04-10,0.000682576923076923
450,5510,549,191,183,278,531,213,1965-04-10,1965-04-24,0.000682576923076923
451,4768,470,230,158,219,611,134,1965-04-24,1965-05-08,0.000682576923076923
452,3090,341,230,153,145,594,114,1965-05-08,1965-05-22,0.000682576923076923
453,2092,291,263,142,124,440,159,1965-05-22,1965-06-05,0.000682576923076923
454,1732,372,320,149,122,399,141,1965-06-05,1965-06-19,0.000682576923076923
455,1565,400,366,180,109,399,202,1965-06-19,1965-07-03,0.000682576923076923
456,1158,244,415,182,169,353,140,1965-07-03,1965-07-17,0.000682576923076923
457,911,207,488,141,66,378,101,1965-07-17,1965-07-31,0.000682576923076923
458,822,168,411,90,110,256,101,1965-07-31,1965-08-14,0.000682576923076923
459,537,62,253,56,48,140,125,1965-08-14,1965-08-28,0.000682576923076923
460,319,61,199,33,41,113,42,1965-08-28,1965-09-11,0.000682576923076923
461,233,30,161,22,17,67,38,1965-09-11,1965-09-25,0.000682576923076923
462,200,18,179,23,29,55,24,1965-09-25,1965-10-09,0.000682576923076923
463,276,17,233,26,7,79,25,1965-10-09,1965-10-23,0.000682576923076923
464,334,11,248,39,6,101,21,1965-10-23,1965-11-06,0.000682576923076923
465,445,8,302,70,1,67,33,1965-11-06,1965-11-20,0.000682576923076923
466,286,9,335,145,8,72,36,1965-11-20,1965-12-04,0.000682576923076923
467,336,4,356,127,19,70,36,1965-12-04,1965-12-18,0.000682576923076923
468,325,5,364,82,0,76,49,1965-12-18,1966-01-01,0.000682576923076923
469,470,16,436,121,1,156,78,1966-01-01,1966-01-15,0.0006719230769230769
470,474,21,419,70,8,151,73,1966-01-15,1966-01-29,0.0006719230769230769
471,632,20,332,60,17,181,41,1966-01-29,1966-02-12,0.0006719230769230769
472,785,40,300,35,22,228,39,1966-02-12,1966-02-26,0.0006719230769230769
473,803,21,261,47,25,236,43,1966-02-26,1966-03-12,0.0006719230769230769
474,869,62,219,49,18,281,47,1966-03-12,1966-03-26,0.0006719230769230769
475,951,163,227,45,18,274,110,1966-03-26,1966-04-09,0.0006719230769230769
476,897,226,196,52,13,232,128,1966-04-09,1966-04-23,0.0006719230769230769
477,1130,283,234,72,15,220,163,1966-04-23,1966-05-07,0.0006719230769230769
478,888,222,199,40,17,147,129,1966-05-07,1966-05-21,0.0006719230769230769
479,1077,172,153,47,8,197,116,1966-05-21,1966-06-04,0.0006719230769230769
480,1231,275,155,46,22,232,148,1966-06-04,1966-06-18,0.0006719230769230769
481,1323,238,136,96,28,187,272,1966-06-18,1966-07-02,0.0006719230769230769
482,1556,258,126,113,47,209,334,1966-07-02,1966-07-16,0.0006719230769230769
483,1593,257,127,134,51,293,344,1966-07-16,1966-07-30,0.0006719230769230769
484,1833,176,134,150,76,277,314,1966-07-30,1966-08-13,0.0006719230769230769
485,1793,152,108,114,85,196,267,1966-08-13,1966-08-27,0.0006719230769230769
486,1003,72,102,151,50,120,177,1966-08-27,1966-09-10,0.0006719230769230769
487,728,40,68,79,35,68,103,1966-09-10,1966-09-24,0.0006719230769230769
488,684,32,81,118,47,68,82,1966-09-24,1966-10-08,0.0006719230769230769
489,1143,43,98,160,81,136,157,1966-10-08,1966-10-22,0.0006719230769230769
490,1920,53,129,251,105,245,185,1966-10-22,1966-11-05,0.0006719230769230769
491,2296,59,174,304,166,421,183,1966-11-05,1966-11-19,0.0006719230769230769
492,3070,91,203,331,125,535,228,1966-11-19,1966-12-03,0.0006719230769230769
493,4675,167,273,279,177,680,247,1966-12-03,1966-12-17,0.0006719230769230769
494,5388,223,269,344,171,585,289,1966-12-17,1966-12-31,0.0006719230769230769
495,12460,508,564,507,291,1282,516,1966-12-31,1967-01-14,0.0006719230769230769
496,6920,414,308,268,130,818,290,1967-01-14,1967-01-28,0.0006613076923076922
497,9369,433,363,276,125,960,295,1967-01-28,1967-02-11,0.0006613076923076922
498,10709,386,553,301,79,1094,392,1967-02-11,1967-02-25,0.0006613076923076922
499,9017,320,543,298,47,1127,443,1967-02-25,1967-03-11,0.0006613076923076922
500,6601,260,451,255,60,884,446,1967-03-11,1967-03-25,0.0006613076923076922
501,6329,274,442,274,68,785,294,1967-03-25,1967-04-08,0.0006613076923076922
502,3535,195,385,166,47,550,185,1967-04-08,1967-04-22,0.0006613076923076922
503,2262,194,264,139,33,451,132,1967-04-22,1967-05-06,0.0006613076923076922
504,1849,149,218,152,35,441,146,1967-05-06,1967-05-20,0.0006613076923076922
505,1509,136,232,128,22,411,115,1967-05-20,1967-06-03,0.0006613076923076922
506,1163,148,240,158,13,326,143,1967-06-03,1967-06-17,0.0006613076923076922
507,761,98,264,76,13,237,103,1967-06-17,1967-07-01,0.0006613076923076922
508,747,68,240,62,10,219,85,1967-07-01,1967-07-15,0.0006613076923076922
509,479,74,240,67,13,150,97,1967-07-15,1967-07-29,0.0006613076923076922
510,481,48,156,59,14,109,118,1967-07-29,1967-08-12,0.0006613076923076922
511,295,30,111,47,5,38,66,1967-08-12,1967-08-26,0.0006613076923076922
512,153,11,69,18,12,25,34,1967-08-26,1967-09-09,0.0006613076923076922
513,119,22,40,19,5,21,19,1967-09-09,1967-09-23,0.0006613076923076922
514,132,12,38,9,0,20,26,1967-09-23,1967-10-07,0.0006613076923076922
515,139,15,25,13,4,35,20,1967-10-07,1967-10-21,0.0006613076923076922
516,154,10,31,8,4,43,23,1967-10-21,1967-11-04,0.0006613076923076922
517,102,9,29,5,2,41,41,1967-11-04,1967-11-18,0.0006613076923076922
518,95,20,35,10,2,33,50,1967-11-18,1967-12-02,0.0006613076923076922
519,91,26,28,15,2,21,46,1967-12-02,1967-12-16,0.0006613076923076922
520,53,16,47,12,2,28,71,1967-12-16,1967-12-30,0.0006613076923076922
521,82,26,51,27,1,62,89,1967-12-30,1968-01-13,0.0006613076923076922
522,70,19,32,25,8,37,44,1968-01-13,1968-01-27,0.0006506538461538462
523,90,27,47,13,12,58,56,1968-01-27,1968-02-10,0.0006506538461538462
524,108,27,67,4,40,74,94,1968-02-10,1968-02-24,0.0006506538461538462
525,121,20,83,10,65,64,124,1968-02-24,1968-03-09,0.0006506538461538462
526,208,24,99,18,126,117,94,1968-03-09,1968-03-23,0.0006506538461538462
527,256,18,105,12,130,127,157,1968-03-23,1968-04-06,0.0006506538461538462
528,239,8,84,29,127,84,208,1968-04-06,1968-04-20,0.0006506538461538462
529,322,16,92,51,169,224,319,1968-04-20,1968-05-04,0.0006506538461538462
530,317,25,104,35,123,166,280,1968-05-04,1968-05-18,0.0006506538461538462
531,513,51,241,40,183,200,614,1968-05-18,1968-06-01,0.0006506538461538462
532,593,25,333,49,229,388,752,1968-06-01,1968-06-15,0.0006506538461538462
533,642,33,384,91,228,562,809,1968-06-15,1968-06-29,0.0006506538461538462
534,713,23,492,153,207,678,655,1968-06-29,1968-07-13,0.0006506538461538462
535,800,32,588,219,148,862,530,1968-07-13,1968-07-27,0.0006506538461538462
536,954,47,479,268,83,852,326,1968-07-27,1968-08-10,0.0006506538461538462
537,748,53,301,201,41,473,228,1968-08-10,1968-08-24,0.0006506538461538462
538,459,44,185,111,26,279,97,1968-08-24,1968-09-07,0.0006506538461538462
539,343,35,122,72,14,128,62,1968-09-07,1968-09-21,0.0006506538461538462
540,355,34,122,140,4,108,40,1968-09-21,1968-10-05,0.0006506538461538462
541,569,55,105,227,9,181,34,1968-10-05,1968-10-19,0.0006506538461538462
542,853,61,97,223,8,200,30,1968-10-19,1968-11-02,0.0006506538461538462
543,1100,106,73,206,9,230,15,1968-11-02,1968-11-16,0.0006506538461538462
544,1113,50,54,188,2,148,10,1968-11-16,1968-11-30,0.0006506538461538462
545,1577,40,49,157,3,157,14,1968-11-30,1968-12-14,0.0006506538461538462
546,1356,34,23,160,6,96,7,1968-12-14,1968-12-28,0.0006506538461538462
547,2663,106,39,237,1,147,49,1968-12-28,1969-01-11,0.0006506538461538462
548,1798,93,22,114,8,120,43,1969-01-11,1969-01-25,0.0006246153846153845
549,1963,104,27,118,1,142,28,1969-01-25,1969-02-08,0.0006246153846153845
550,2385,87,17,72,4,167,16,1969-02-08,1969-02-22,0.0006246153846153845
551,2403,113,14,86,1,131,22,1969-02-22,1969-03-08,0.0006246153846153845
552,2354,110,19,103,2,112,19,1969-03-08,1969-03-22,0.0006246153846153845
553,2068,136,28,113,1,124,13,1969-03-22,1969-04-05,0.0006246153846153845
554,2159,71,24,104,0,118,7,1969-04-05,1969-04-19,0.0006246153846153845
555,1830,39,20,104,3,89,13,1969-04-19,1969-05-03,0.0006246153846153845
556,1665,54,17,104,1,82,11,1969-05-03,1969-05-17,0.0006246153846153845
557,1688,64,11,134,3,89,15,1969-05-17,1969-05-31,0.0006246153846153845
558,1671,75,11,143,10,89,16,1969-05-31,1969-06-14,0.0006246153846153845
559,1335,43,11,127,1,79,13,1969-06-14,1969-06-28,0.0006246153846153845
560,1232,44,32,146,9,114,8,1969-06-28,1969-07-12,0.0006246153846153845
561,1009,50,50,159,3,116,26,1969-07-12,1969-07-26,0.0006246153846153845
562,793,82,73,142,3,93,7,1969-07-26,1969-08-09,0.0006246153846153845
563,489,45,31,77,6,53,6,1969-08-09,1969-08-23,0.0006246153846153845
564,240,15,28,48,9,33,7,1969-08-23,1969-09-06,0.0006246153846153845
565,205,22,5,33,4,16,4,1969-09-06,1969-09-20,0.0006246153846153845
566,190,11,48,35,4,23,22,1969-09-20,1969-10-04,0.0006246153846153845
567,194,15,49,58,7,29,58,1969-10-04,1969-10-18,0.0006246153846153845
568,223,12,55,68,13,33,45,1969-10-18,1969-11-01,0.0006246153846153845
569,230,15,60,53,4,28,42,1969-11-01,1969-11-15,0.0006246153846153845
570,184,11,104,28,4,36,90,1969-11-15,1969-11-29,0.0006246153846153845
571,200,27,107,52,5,46,81,1969-11-29,1969-12-13,0.0006246153846153845
572,212,15,138,51,3,24,77,1969-12-13,1969-12-27,0.0006246153846153845
573,345,14,217,77,18,32,125,1969-12-27,1970-01-10,0.0006246153846153845
574,293,15,157,39,11,36,63,1970-01-10,1970-01-24,0.0005985769230769231
575,458,25,294,33,19,40,122,1970-01-24,1970-02-07,0.0005985769230769231
576,591,44,420,92,34,51,169,1970-02-07,1970-02-21,0.0005985769230769231
577,672,63,569,122,28,70,257,1970-02-21,1970-03-07,0.0005985769230769231
578,589,51,603,145,43,109,278,1970-03-07,1970-03-21,0.0005985769230769231
579,670,43,662,118,77,58,330,1970-03-21,1970-04-04,0.0005985769230769231
580,793,50,585,145,108,104,420,1970-04-04,1970-04-18,0.0005985769230769231
581,588,80,467,161,91,105,288,1970-04-18,1970-05-02,0.0005985769230769231
582,674,73,414,202,283,191,434,1970-05-02,1970-05-16,0.0005985769230769231
583,1035,69,413,290,365,224,595,1970-05-16,1970-05-30,0.0005985769230769231
584,1377,69,390,246,344,387,556,1970-05-30,1970-06-13,0.0005985769230769231
585,1321,86,416,202,270,457,368,1970-06-13,1970-06-27,0.0005985769230769231
586,1510,123,321,226,292,520,332,1970-06-27,1970-07-11,0.0005985769230769231
587,1881,130,281,215,174,721,333,1970-07-11,1970-07-25,0.0005985769230769231
588,1879,104,213,153,105,849,223,1970-07-25,1970-08-08,0.0005985769230769231
589,1679,77,127,116,22,631,157,1970-08-08,1970-08-22,0.0005985769230769231
590,909,59,101,67,20,260,80,1970-08-22,1970-09-05,0.0005985769230769231
591,718,23,62,47,14,207,47,1970-09-05,1970-09-19,0.0005985769230769231
592,691,22,48,53,9,211,28,1970-09-19,1970-10-03,0.0005985769230769231
593,1025,32,47,41,17,175,22,1970-10-03,1970-10-17,0.0005985769230769231
594,1292,24,59,46,16,261,14,1970-10-17,1970-10-31,0.0005985769230769231
595,1445,23,76,13,14,307,15,1970-10-31,1970-11-14,0.0005985769230769231
596,1440,19,88,34,14,244,4,1970-11-14,1970-11-28,0.0005985769230769231
597,1911,22,60,46,19,276,9,1970-11-28,1970-12-12,0.0005985769230769231
598,1878,21,63,40,16,185,4,1970-12-12,1970-12-26,0.0005985769230769231
599,2293,45,76,45,4,330,2,1970-12-26,1971-01-09,0.0005985769230769231
600,1292,16,42,35,3,227,2,1971-01-09,1971-01-23,0.0005725769230769232
601,565,35,6,1,3,75,2,1971-01-23,1971-02-06,0.0005725769230769232
602,1206,55,6,5,3,101,3,1971-02-06,1971-02-20,0.0005725769230769232
603,1467,63,2,5,14,192,4,1971-02-20,1971-03-06,0.0005725769230769232
604,2653,61,77,10,18,707,5,1971-03-06,1971-03-20,0.0005725769230769232
605,1938,73,28,31,13,285,10,1971-03-20,1971-04-03,0.0005725769230769232
606,1262,51,22,26,16,175,5,1971-04-03,1971-04-17,0.0005725769230769232
607,1455,71,39,37,14,128,16,1971-04-17,1971-05-01,0.0005725769230769232
608,790,33,35,33,3,160,8,1971-05-01,1971-05-15,0.0005725769230769232
609,795,54,22,35,6,166,10,1971-05-15,1971-05-29,0.0005725769230769232
610,683,48,23,71,5,129,9,1971-05-29,1971-06-12,0.0005725769230769232
611,761,68,10,110,6,108,8,1971-06-12,1971-06-26,0.0005725769230769232
612,763,56,30,89,2,124,12,1971-06-26,1971-07-10,0.0005725769230769232
613,598,63,15,73,5,95,24,1971-07-10,1971-07-24,0.0005725769230769232
614,513,61,21,55,5,53,22,1971-07-24,1971-08-07,0.0005725769230769232
615,314,41,23,37,3,46,14,1971-08-07,1971-08-21,0.0005725769230769232
616,189,16,14,30,1,16,6,1971-08-21,1971-09-04,0.0005725769230769232
617,151,12,10,37,3,21,6,1971-09-04,1971-09-18,0.0005725769230769232
618,88,13,10,17,0,19,1,1971-09-18,1971-10-02,0.0005725769230769232
619,82,10,6,63,0,26,3,1971-10-02,1971-10-16,0.0005725769230769232
620,127,13,13,54,0,21,8,1971-10-16,1971-10-30,0.0005725769230769232
621,161,10,4,105,4,22,30,1971-10-30,1971-11-13,0.0005725769230769232
622,158,9,13,96,0,25,41,1971-11-13,1971-11-27,0.0005725769230769232
623,219,10,19,77,0,18,29,1971-11-27,1971-12-11,0.0005725769230769232
624,261,9,20,60,0,26,29,1971-12-11,1971-12-25,0.0005725769230769232
625,272,55,10,81,0,32,39,1971-12-25,1972-01-08,0.0005725769230769232
626,195,45,24,54,0,53,37,1972-01-08,1972-01-22,0.0005465384615384616
627,185,36,23,76,10,37,49,1972-01-22,1972-02-05,0.0005465384615384616
628,246,31,27,83,7,31,84,1972-02-05,1972-02-19,0.0005465384615384616
629,343,39,36,100,8,78,112,1972-02-19,1972-03-04,0.0005465384615384616
630,407,113,84,166,2,100,161,1972-03-04,1972-03-18,0.0005465384615384616
631,395,113,104,191,11,91,191,1972-03-18,1972-04-01,0.0005465384615384616
632,386,117,120,160,23,84,229,1972-04-01,1972-04-15,0.0005465384615384616
633,343,64,73,155,14,62,231,1972-04-15,1972-04-29,0.0005465384615384616
634,337,93,84,207,15,68,180,1972-04-29,1972-05-13,0.0005465384615384616
635,376,94,127,243,17,64,238,1972-05-13,1972-05-27,0.0005465384615384616
636,458,99,178,188,33,83,208,1972-05-27,1972-06-10,0.0005465384615384616
637,520,77,190,136,46,118,148,1972-06-10,1972-06-24,0.0005465384615384616
638,583,72,181,113,34,159,217,1972-06-24,1972-07-08,0.0005465384615384616
639,769,104,212,113,68,210,234,1972-07-08,1972-07-22,0.0005465384615384616
640,737,56,249,146,41,109,245,1972-07-22,1972-08-05,0.0005465384615384616
641,605,77,246,77,29,169,177,1972-08-05,1972-08-19,0.0005465384615384616
642,268,26,160,44,16,59,74,1972-08-19,1972-09-02,0.0005465384615384616
643,240,14,80,49,9,57,38,1972-09-02,1972-09-16,0.0005465384615384616
644,184,3,101,12,10,66,13,1972-09-16,1972-09-30,0.0005465384615384616
645,313,25,166,32,15,78,11,1972-09-30,1972-10-14,0.0005465384615384616
646,470,19,262,43,22,129,9,1972-10-14,1972-10-28,0.0005465384615384616
647,613,18,303,27,13,152,6,1972-10-28,1972-11-11,0.0005465384615384616
648,598,12,286,24,9,154,8,1972-11-11,1972-11-25,0.0005465384615384616
649,663,7,297,19,19,164,15,1972-11-25,1972-12-09,0.0005465384615384616
650,722,9,278,12,17,186,19,1972-12-09,1972-12-23,0.0005465384615384616
651,898,20,305,62,88,191,7,1972-12-23,1973-01-06,0.0005465384615384616
652,961,4,222,21,57,163,19,1973-01-06,1973-01-20,0.0005205
653,832,14,143,15,38,144,48,1973-01-20,1973-02-03,0.0005205
654,1204,11,152,16,87,193,43,1973-02-03,1973-02-17,0.0005205
655,1530,19,165,17,84,230,46,1973-02-17,1973-03-03,0.0005205
656,1721,22,174,19,67,233,33,1973-03-03,1973-03-17,0.0005205
657,2018,22,137,16,56,166,50,1973-03-17,1973-03-31,0.0005205
658,1952,12,116,5,82,151,31,1973-03-31,1973-04-14,0.0005205
659,1758,24,86,5,39,104,22,1973-04-14,1973-04-28,0.0005205
660,1483,19,88,6,35,106,38,1973-04-28,1973-05-12,0.0005205
661,1189,12,110,9,24,75,30,1973-05-12,1973-05-26,0.0005205
662,1265,10,83,7,15,78,12,1973-05-26,1973-06-09,0.0005205
663,1112,23,60,3,36,86,18,1973-06-09,1973-06-23,0.0005205
664,1086,20,58,5,27,95,9,1973-06-23,1973-07-07,0.0005205
665,926,11,47,9,50,126,25,1973-07-07,1973-07-21,0.0005205
666,828,9,51,18,42,88,28,1973-07-21,1973-08-04,0.0005205
667,756,7,54,18,38,63,36,1973-08-04,1973-08-18,0.0005205
668,366,5,34,10,4,41,21,1973-08-18,1973-09-01,0.0005205
669,219,4,11,8,2,28,10,1973-09-01,1973-09-15,0.0005205
670,155,2,22,12,0,21,7,1973-09-15,1973-09-29,0.0005205
671,204,4,12,27,1,30,6,1973-09-29,1973-10-13,0.0005205
672,211,16,7,32,2,40,17,1973-10-13,1973-10-27,0.0005205
673,208,10,23,29,3,33,28,1973-10-27,1973-11-10,0.0005205
674,287,18,20,30,0,20,50,1973-11-10,1973-11-24,0.0005205
675,235,28,8,19,0,40,19,1973-11-24,1973-12-08,0.0005205
676,267,30,13,10,2,30,7,1973-12-08,1973-12-22,0.0005205
677,211,29,25,17,0,36,12,1973-12-22,1974-01-05,0.0005205
678,269,45,36,35,1,48,19,1974-01-05,1974-01-19,0.0005085769230769231
679,235,13,16,35,0,57,21,1974-01-19,1974-02-02,0.0005085769230769231
680,352,26,13,62,1,72,27,1974-02-02,1974-02-16,0.0005085769230769231
681,463,15,13,76,0,100,41,1974-02-16,1974-03-02,0.0005085769230769231
682,460,19,0,90,1,94,47,1974-03-02,1974-03-16,0.0005085769230769231
683,578,21,16,148,0,115,69,1974-03-16,1974-03-30,0.0005085769230769231
684,507,18,42,130,22,129,105,1974-03-30,1974-04-13,0.0005085769230769231
685,499,30,19,153,11,202,101,1974-04-13,1974-04-27,0.0005085769230769231
686,425,44,29,167,12,125,55,1974-04-27,1974-05-11,0.0005085769230769231
687,397,25,14,195,4,211,44,1974-05-11,1974-05-25,0.0005085769230769231
688,416,20,21,237,5,173,78,1974-05-25,1974-06-08,0.0005085769230769231
689,417,18,12,232,4,261,68,1974-06-08,1974-06-22,0.0005085769230769231
690,459,17,58,208,3,178,73,1974-06-22,1974-07-06,0.0005085769230769231
691,454,17,55,200,1,244,105,1974-07-06,1974-07-20,0.0005085769230769231
692,442,12,82,212,6,224,232,1974-07-20,1974-08-03,0.0005085769230769231
693,298,15,94,158,15,138,203,1974-08-03,1974-08-17,0.0005085769230769231
694,151,9,65,86,16,58,123,1974-08-17,1974-08-31,0.0005085769230769231
695,114,7,61,35,2,37,56,1974-08-31,1974-09-14,0.0005085769230769231
696,124,3,56,22,3,28,62,1974-09-14,1974-09-28,0.0005085769230769231
697,182,9,132,10,2,22,56,1974-09-28,1974-10-12,0.0005085769230769231
698,237,5,216,18,5,39,126,1974-10-12,1974-10-26,0.0005085769230769231
699,325,7,278,17,7,39,103,1974-10-26,1974-11-09,0.0005085769230769231
700,271,7,316,14,14,27,58,1974-11-09,1974-11-23,0.0005085769230769231
701,302,5,325,9,11,33,73,1974-11-23,1974-12-07,0.0005085769230769231
702,329,6,337,6,23,29,92,1974-12-07,1974-12-21,0.0005085769230769231
703,371,3,325,7,21,30,125,1974-12-21,1975-01-04,0.0005085769230769231
704,580,11,408,13,45,26,145,1975-01-04,1975-01-18,0.0004966538461538462
705,514,3,130,9,35,36,57,1975-01-18,1975-02-01,0.0004966538461538462
706,621,7,199,18,35,59,56,1975-02-01,1975-02-15,0.0004966538461538462
707,894,14,210,20,50,84,104,1975-02-15,1975-03-01,0.0004966538461538462
708,796,30,250,21,73,88,121,1975-03-01,1975-03-15,0.0004966538461538462
709,1051,30,147,15,56,148,94,1975-03-15,1975-03-29,0.0004966538461538462
710,964,26,147,24,67,193,106,1975-03-29,1975-04-12,0.0004966538461538462
711,884,23,98,50,60,145,98,1975-04-12,1975-04-26,0.0004966538461538462
712,782,20,148,33,43,135,82,1975-04-26,1975-05-10,0.0004966538461538462
713,1090,14,89,31,87,187,118,1975-05-10,1975-05-24,0.0004966538461538462
714,1371,12,116,56,53,209,110,1975-05-24,1975-06-07,0.0004966538461538462
715,1156,11,135,25,40,229,73,1975-06-07,1975-06-21,0.0004966538461538462
716,1079,9,93,51,62,168,89,1975-06-21,1975-07-05,0.0004966538461538462
717,1066,15,84,32,36,195,119,1975-07-05,1975-07-19,0.0004966538461538462
718,914,19,52,37,38,240,154,1975-07-19,1975-08-02,0.0004966538461538462
719,686,17,34,17,42,205,133,1975-08-02,1975-08-16,0.0004966538461538462
720,312,6,20,3,16,86,50,1975-08-16,1975-08-30,0.0004966538461538462
721,216,12,21,8,33,55,23,1975-08-30,1975-09-13,0.0004966538461538462
722,150,3,7,3,4,34,20,1975-09-13,1975-09-27,0.0004966538461538462
723,189,0,6,4,10,54,10,1975-09-27,1975-10-11,0.0004966538461538462
724,207,2,10,6,2,84,1,1975-10-11,1975-10-25,0.0004966538461538462
725,242,4,13,7,3,142,7,1975-10-25,1975-11-08,0.0004966538461538462
726,211,2,19,7,6,122,7,1975-11-08,1975-11-22,0.0004966538461538462
727,168,3,17,6,2,135,8,1975-11-22,1975-12-06,0.0004966538461538462
728,182,10,8,8,0,130,3,1975-12-06,1975-12-20,0.0004966538461538462
729,139,1,10,11,1,185,5,1975-12-20,1976-01-03,0.0004966538461538462
730,240,9,22,14,7,236,1,1976-01-03,1976-01-17,0.0004847307692307692
731,164,9,15,6,9,176,6,1976-01-17,1976-01-31,0.0004847307692307692
732,189,11,22,7,4,169,2,1976-01-31,1976-02-14,0.0004847307692307692
733,234,34,20,3,4,227,7,1976-02-14,1976-02-28,0.0004847307692307692
734,220,35,19,3,5,177,4,1976-02-28,1976-03-13,0.0004847307692307692
735,252,17,24,6,7,181,6,1976-03-13,1976-03-27,0.0004847307692307692
736,292,30,31,2,6,177,10,1976-03-27,1976-04-10,0.0004847307692307692
737,340,34,25,3,13,160,1,1976-04-10,1976-04-24,0.0004847307692307692
738,367,41,20,8,10,179,12,1976-04-24,1976-05-08,0.0004847307692307692
739,405,34,26,12,7,125,11,1976-05-08,1976-05-22,0.0004847307692307692
740,427,31,17,14,8,135,13,1976-05-22,1976-06-05,0.0004847307692307692
741,392,39,18,14,5,121,6,1976-06-05,1976-06-19,0.0004847307692307692
742,298,21,16,12,6,62,6,1976-06-19,1976-07-03,0.0004847307692307692
743,290,32,19,11,5,69,3,1976-07-03,1976-07-17,0.0004847307692307692
744,174,22,21,26,20,81,3,1976-07-17,1976-07-31,0.0004847307692307692
745,156,18,25,18,13,65,36,1976-07-31,1976-08-14,0.0004847307692307692
746,92,20,11,45,10,28,36,1976-08-14,1976-08-28,0.0004847307692307692
747,52,11,20,8,3,11,18,1976-08-28,1976-09-11,0.0004847307692307692
748,48,5,14,10,4,4,8,1976-09-11,1976-09-25,0.0004847307692307692
749,97,16,48,26,12,13,5,1976-09-25,1976-10-09,0.0004847307692307692
750,91,30,71,17,14,11,9,1976-10-09,1976-10-23,0.0004847307692307692
751,98,20,57,21,12,8,8,1976-10-23,1976-11-06,0.0004847307692307692
752,77,11,60,23,8,7,10,1976-11-06,1976-11-20,0.0004847307692307692
753,94,31,74,26,14,19,10,1976-11-20,1976-12-04,0.0004847307692307692
754,159,32,119,46,16,25,13,1976-12-04,1976-12-18,0.0004847307692307692
755,192,23,95,91,18,16,5,1976-12-18,1977-01-01,0.0004847307692307692
756,218,24,174,115,19,27,2,1977-01-01,1977-01-15,0.0004728076923076923
757,185,32,146,91,19,9,3,1977-01-15,1977-01-29,0.0004728076923076923
758,264,38,207,112,24,23,3,1977-01-29,1977-02-12,0.0004728076923076923
759,341,58,286,138,26,20,19,1977-02-12,1977-02-26,0.0004728076923076923
760,472,60,339,128,38,23,17,1977-02-26,1977-03-12,0.0004728076923076923
761,558,67,268,168,56,30,14,1977-03-12,1977-03-26,0.0004728076923076923
762,582,83,242,83,42,43,7,1977-03-26,1977-04-09,0.0004728076923076923
763,853,65,210,109,35,73,14,1977-04-09,1977-04-23,0.0004728076923076923
764,768,49,202,150,31,61,13,1977-04-23,1977-05-07,0.0004728076923076923
765,903,56,137,147,29,89,10,1977-05-07,1977-05-21,0.0004728076923076923
766,1033,49,144,124,18,157,20,1977-05-21,1977-06-04,0.0004728076923076923
767,918,69,92,90,55,166,30,1977-06-04,1977-06-18,0.0004728076923076923
768,1189,77,178,103,53,210,43,1977-06-18,1977-07-02,0.0004728076923076923
769,1598,77,131,94,42,223,153,1977-07-02,1977-07-16,0.0004728076923076923
770,1437,41,114,64,27,243,251,1977-07-16,1977-07-30,0.0004728076923076923
771,1408,48,112,80,30,314,348,1977-07-30,1977-08-13,0.0004728076923076923
772,884,35,60,52,37,173,218,1977-08-13,1977-08-27,0.0004728076923076923
773,504,16,39,22,32,117,113,1977-08-27,1977-09-10,0.0004728076923076923
774,269,24,29,14,17,51,81,1977-09-10,1977-09-24,0.0004728076923076923
775,287,26,13,8,15,53,109,1977-09-24,1977-10-08,0.0004728076923076923
776,374,41,10,12,38,71,149,1977-10-08,1977-10-22,0.0004728076923076923
777,463,35,16,11,35,96,241,1977-10-22,1977-11-05,0.0004728076923076923
778,471,44,14,15,23,120,253,1977-11-05,1977-11-19,0.0004728076923076923
779,481,23,13,11,25,79,228,1977-11-19,1977-12-03,0.0004728076923076923
780,578,12,9,20,43,88,183,1977-12-03,1977-12-17,0.0004728076923076923
781,697,20,9,23,19,43,173,1977-12-17,1977-12-31,0.0004728076923076923
782,892,15,10,25,38,225,259,1977-12-31,1978-01-14,0.0004728076923076923
783,774,18,11,30,22,163,165,1978-01-14,1978-01-28,0.0004608846153846154
784,769,11,50,17,31,193,172,1978-01-28,1978-02-11,0.0004608846153846154
785,828,31,69,12,48,246,192,1978-02-11,1978-02-25,0.0004608846153846154
786,990,17,67,25,47,178,128,1978-02-25,1978-03-11,0.0004608846153846154
787,951,18,35,28,27,235,148,1978-03-11,1978-03-25,0.0004608846153846154
788,1037,15,43,34,42,286,115,1978-03-25,1978-04-08,0.0004608846153846154
789,857,14,50,19,23,283,69,1978-04-08,1978-04-22,0.0004608846153846154
790,752,26,73,14,12,191,52,1978-04-22,1978-05-06,0.0004608846153846154
791,1038,23,83,17,23,214,50,1978-05-06,1978-05-20,0.0004608846153846154
792,809,27,88,38,10,177,47,1978-05-20,1978-06-03,0.0004608846153846154
793,768,44,123,34,8,177,29,1978-06-03,1978-06-17,0.0004608846153846154
794,585,27,127,26,17,151,22,1978-06-17,1978-07-01,0.0004608846153846154
795,644,27,141,30,19,197,50,1978-07-01,1978-07-15,0.0004608846153846154
796,619,29,133,16,25,144,51,1978-07-15,1978-07-29,0.0004608846153846154
797,582,29,86,32,29,104,38,1978-07-29,1978-08-12,0.0004608846153846154
798,430,7,94,11,12,72,30,1978-08-12,1978-08-26,0.0004608846153846154
799,206,6,35,5,9,26,13,1978-08-26,1978-09-09,0.0004608846153846154
800,140,2,37,8,4,24,10,1978-09-09,1978-09-23,0.0004608846153846154
801,142,3,27,7,6,30,10,1978-09-23,1978-10-07,0.0004608846153846154
802,154,10,41,15,0,35,8,1978-10-07,1978-10-21,0.0004608846153846154
803,200,11,39,13,6,27,11,1978-10-21,1978-11-04,0.0004608846153846154
804,193,9,34,16,2,27,9,1978-11-04,1978-11-18,0.0004608846153846154
805,215,5,32,25,5,13,13,1978-11-18,1978-12-02,0.0004608846153846154
806,182,7,41,28,13,11,10,1978-12-02,1978-12-16,0.0004608846153846154
807,147,10,34,27,16,18,2,1978-12-16,1978-12-30,0.0004608846153846154
808,231,14,44,40,13,15,13,1978-12-30,1979-01-13,0.0004608846153846154
809,154,8,44,45,13,23,6,1979-01-13,1979-01-27,0.0004671923076923077
810,190,6,51,51,5,27,13,1979-01-27,1979-02-10,0.0004671923076923077
811,210,8,55,48,9,35,13,1979-02-10,1979-02-24,0.0004671923076923077
812,223,2,65,81,9,23,14,1979-02-24,1979-03-10,0.0004671923076923077
813,215,2,85,80,6,30,11,1979-03-10,1979-03-24,0.0004671923076923077
814,218,3,114,64,9,29,13,1979-03-24,1979-04-07,0.0004671923076923077
815,223,6,86,99,7,25,15,1979-04-07,1979-04-21,0.0004671923076923077
816,349,6,131,88,9,31,32,1979-04-21,1979-05-05,0.0004671923076923077
817,309,19,75,96,11,28,13,1979-05-05,1979-05-19,0.0004671923076923077
818,268,10,173,86,10,38,19,1979-05-19,1979-06-02,0.0004671923076923077
819,341,7,150,133,10,56,20,1979-06-02,1979-06-16,0.0004671923076923077
820,411,4,149,63,9,68,22,1979-06-16,1979-06-30,0.0004671923076923077
821,331,7,133,47,19,60,26,1979-06-30,1979-07-14,0.0004671923076923077
822,454,12,131,53,16,136,30,1979-07-14,1979-07-28,0.0004671923076923077
823,466,4,102,34,18,113,36,1979-07-28,1979-08-11,0.0004671923076923077
824,357,9,42,31,11,71,14,1979-08-11,1979-08-25,0.0004671923076923077
825,201,7,37,17,4,59,15,1979-08-25,1979-09-08,0.0004671923076923077
826,182,5,29,10,2,31,6,1979-09-08,1979-09-22,0.0004671923076923077
827,184,2,27,10,10,34,14,1979-09-22,1979-10-06,0.0004671923076923077
828,221,2,14,17,4,53,23,1979-10-06,1979-10-20,0.0004671923076923077
829,250,11,35,12,11,56,6,1979-10-20,1979-11-03,0.0004671923076923077
830,278,9,27,12,6,92,17,1979-11-03,1979-11-17,0.0004671923076923077
831,307,12,25,16,16,122,14,1979-11-17,1979-12-01,0.0004671923076923077
832,356,8,17,16,9,158,13,1979-12-01,1979-12-15,0.0004671923076923077
833,223,10,9,5,8,146,23,1979-12-15,1979-12-29,0.0004671923076923077
834,568,74,31,22,32,346,20,1979-12-29,1980-01-12,0.0004671923076923077
835,401,22,19,8,18,236,19,1980-01-12,1980-01-26,0.0004735
836,505,71,21,13,15,303,25,1980-01-26,1980-02-09,0.0004735
837,834,79,22,13,29,519,41,1980-02-09,1980-02-23,0.0004735
838,889,100,23,17,23,586,34,1980-02-23,1980-03-08,0.0004735
839,1049,113,19,13,22,228,38,1980-03-08,1980-03-22,0.0004735
840,1156,118,29,24,34,514,43,1980-03-22,1980-04-05,0.0004735
841,1260,108,32,45,37,474,38,1980-04-05,1980-04-19,0.0004735
842,1067,101,20,40,40,299,48,1980-04-19,1980-05-03,0.0004735
843,872,113,32,18,20,202,39,1980-05-03,1980-05-17,0.0004735
844,1045,116,49,27,25,190,35,1980-05-17,1980-05-31,0.0004735
845,1092,140,71,30,24,161,35,1980-05-31,1980-06-14,0.0004735
846,838,124,65,31,19,104,71,1980-06-14,1980-06-28,0.0004735
847,832,112,114,47,4,167,98,1980-06-28,1980-07-12,0.0004735
848,930,68,121,76,22,86,178,1980-07-12,1980-07-26,0.0004735
849,873,70,145,98,29,83,118,1980-07-26,1980-08-09,0.0004735
850,491,22,74,66,15,39,93,1980-08-09,1980-08-23,0.0004735
851,234,9,37,22,13,29,47,1980-08-23,1980-09-06,0.0004735
852,181,14,20,17,16,20,29,1980-09-06,1980-09-20,0.0004735
853,150,10,23,13,13,18,37,1980-09-20,1980-10-04,0.0004735
854,182,8,27,20,24,19,58,1980-10-04,1980-10-18,0.0004735
855,152,30,26,12,22,20,61,1980-10-18,1980-11-01,0.0004735
856,151,7,26,9,19,17,74,1980-11-01,1980-11-15,0.0004735
857,141,6,40,15,12,15,70,1980-11-15,1980-11-29,0.0004735
858,133,4,21,15,7,10,55,1980-11-29,1980-12-13,0.0004735
859,112,1,17,15,6,11,74,1980-12-13,1980-12-27,0.0004735
860,171,1,37,14,17,9,83,1980-12-27,1981-01-10,0.0004735
861,106,9,38,12,16,10,47,1981-01-10,1981-01-24,0.00047976923076923077
862,121,3,27,12,15,9,58,1981-01-24,1981-02-07,0.00047976923076923077
863,110,5,27,49,29,9,49,1981-02-07,1981-02-21,0.00047976923076923077
864,128,3,33,44,21,8,55,1981-02-21,1981-03-07,0.00047976923076923077
865,112,4,53,31,21,25,56,1981-03-07,1981-03-21,0.00047976923076923077
866,135,3,64,47,30,19,47,1981-03-21,1981-04-04,0.00047976923076923077
867,135,6,63,64,23,13,39,1981-04-04,1981-04-18,0.00047976923076923077
868,143,5,113,48,25,28,34,1981-04-18,1981-05-02,0.00047976923076923077
869,163,10,82,73,26,20,43,1981-05-02,1981-05-16,0.00047976923076923077
870,141,9,81,79,23,21,35,1981-05-16,1981-05-30,0.00047976923076923077
871,168,6,101,65,12,18,28,1981-05-30,1981-06-13,0.00047976923076923077
872,162,4,78,39,10,30,31,1981-06-13,1981-06-27,0.00047976923076923077
873,188,3,61,40,12,38,30,1981-06-27,1981-07-11,0.00047976923076923077
874,222,3,73,49,16,50,30,1981-07-11,1981-07-25,0.00047976923076923077
875,211,7,77,43,23,23,20,1981-07-25,1981-08-08,0.00047976923076923077
876,181,11,37,70,14,44,21,1981-08-08,1981-08-22,0.00047976923076923077
877,122,5,22,15,21,17,14,1981-08-22,1981-09-05,0.00047976923076923077
878,84,1,11,20,6,27,12,1981-09-05,1981-09-19,0.00047976923076923077
879,70,3,16,23,9,34,4,1981-09-19,1981-10-03,0.00047976923076923077
880,77,1,19,20,8,38,6,1981-10-03,1981-10-17,0.00047976923076923077
881,91,4,28,7,14,54,11,1981-10-17,1981-10-31,0.00047976923076923077
882,105,0,20,13,23,59,8,1981-10-31,1981-11-14,0.00047976923076923077
883,120,1,38,20,10,49,9,1981-11-14,1981-11-28,0.00047976923076923077
884,128,0,25,13,5,56,9,1981-11-28,1981-12-12,0.00047976923076923077
885,113,1,20,10,4,58,8,1981-12-12,1981-12-26,0.00047976923076923077
886,176,1,44,8,6,74,9,1981-12-26,1982-01-09,0.00047976923076923077
887,228,2,25,13,10,79,12,1982-01-09,1982-01-23,0.00048607692307692306
888,287,2,27,13,8,105,6,1982-01-23,1982-02-06,0.00048607692307692306
889,450,8,18,10,9,137,5,1982-02-06,1982-02-20,0.00048607692307692306
890,602,0,25,13,7,148,9,1982-02-20,1982-03-06,0.00048607692307692306
891,570,3,11,28,16,225,11,1982-03-06,1982-03-20,0.00048607692307692306
892,711,2,27,34,32,239,7,1982-03-20,1982-04-03,0.00048607692307692306
893,782,4,26,21,7,213,12,1982-04-03,1982-04-17,0.00048607692307692306
894,1013,22,22,23,39,196,13,1982-04-17,1982-05-01,0.00048607692307692306
895,731,23,16,13,12,147,8,1982-05-01,1982-05-15,0.00048607692307692306
896,762,20,14,9,30,149,9,1982-05-15,1982-05-29,0.00048607692307692306
897,769,15,14,12,56,157,26,1982-05-29,1982-06-12,0.00048607692307692306
898,680,31,49,25,34,135,22,1982-06-12,1982-06-26,0.00048607692307692306
899,626,32,28,24,45,146,37,1982-06-26,1982-07-10,0.00048607692307692306
900,713,25,40,27,24,141,74,1982-07-10,1982-07-24,0.00048607692307692306
901,564,72,32,51,42,108,71,1982-07-24,1982-08-07,0.00048607692307692306
902,465,57,29,27,25,99,77,1982-08-07,1982-08-21,0.00048607692307692306
903,235,39,22,19,8,40,45,1982-08-21,1982-09-04,0.00048607692307692306
904,247,28,10,28,6,28,43,1982-09-04,1982-09-18,0.00048607692307692306
905,165,37,15,20,2,20,28,1982-09-18,1982-10-02,0.00048607692307692306
906,122,36,4,10,9,24,23,1982-10-02,1982-10-16,0.00048607692307692306
907,189,32,12,10,5,30,33,1982-10-16,1982-10-30,0.00048607692307692306
908,135,53,13,18,7,38,40,1982-10-30,1982-11-13,0.00048607692307692306
909,191,57,18,23,18,34,69,1982-11-13,1982-11-27,0.00048607692307692306
910,236,42,16,31,29,30,59,1982-11-27,1982-12-11,0.00048607692307692306
911,226,60,24,18,27,36,54,1982-12-11,1982-12-25,0.00048607692307692306
912,263,38,15,73,34,29,59,1982-12-25,1983-01-08,0.00048607692307692306
913,338,48,29,45,38,36,101,1983-01-08,1983-01-22,0.0004923846153846153
914,377,25,25,40,36,30,84,1983-01-22,1983-02-05,0.0004923846153846153
915,433,21,33,44,30,45,125,1983-02-05,1983-02-19,0.0004923846153846153
916,472,26,37,58,50,52,170,1983-02-19,1983-03-05,0.0004923846153846153
917,541,44,69,105,59,46,164,1983-03-05,1983-03-19,0.0004923846153846153
918,487,51,77,73,42,31,108,1983-03-19,1983-04-02,0.0004923846153846153
919,659,69,99,107,42,67,123,1983-04-02,1983-04-16,0.0004923846153846153
920,561,53,73,96,23,65,75,1983-04-16,1983-04-30,0.0004923846153846153
921,609,79,91,61,21,64,90,1983-04-30,1983-05-14,0.0004923846153846153
922,652,82,116,84,24,82,93,1983-05-14,1983-05-28,0.0004923846153846153
923,675,67,98,96,20,85,51,1983-05-28,1983-06-11,0.0004923846153846153
924,626,64,102,86,35,96,63,1983-06-11,1983-06-25,0.0004923846153846153
925,432,27,85,77,24,93,80,1983-06-25,1983-07-09,0.0004923846153846153
926,552,23,117,86,16,92,109,1983-07-09,1983-07-23,0.0004923846153846153
927,395,8,58,89,11,59,40,1983-07-23,1983-08-06,0.0004923846153846153
928,228,11,37,56,17,59,45,1983-08-06,1983-08-20,0.0004923846153846153
929,143,8,15,20,12,40,19,1983-08-20,1983-09-03,0.0004923846153846153
930,83,7,28,8,7,43,2,1983-09-03,1983-09-17,0.0004923846153846153
931,88,4,17,23,6,24,10,1983-09-17,1983-10-01,0.0004923846153846153
932,72,7,19,14,4,43,5,1983-10-01,1983-10-15,0.0004923846153846153
933,73,6,15,10,5,52,5,1983-10-15,1983-10-29,0.0004923846153846153
934,68,6,18,24,13,48,4,1983-10-29,1983-11-12,0.0004923846153846153
935,71,3,25,6,5,62,3,1983-11-12,1983-11-26,0.0004923846153846153
936,107,4,14,17,5,79,3,1983-11-26,1983-12-10,0.0004923846153846153
937,70,2,15,13,6,111,13,1983-12-10,1983-12-24,0.0004923846153846153
938,132,1,13,11,12,82,13,1983-12-24,1984-01-07,0.0004923846153846153
939,133,5,20,25,5,122,24,1984-01-07,1984-01-21,0.0004995769230769231
940,114,4,16,11,7,74,30,1984-01-21,1984-02-04,0.0004995769230769231
941,171,21,32,11,1,121,40,1984-02-04,1984-02-18,0.0004995769230769231
942,139,10,22,46,12,172,36,1984-02-18,1984-03-03,0.0004995769230769231
943,154,8,36,31,5,136,35,1984-03-03,1984-03-17,0.0004995769230769231
944,135,10,39,33,2,163,26,1984-03-17,1984-03-31,0.0004995769230769231
945,150,12,50,47,4,156,38,1984-03-31,1984-04-14,0.0004995769230769231
946,89,7,32,27,5,94,23,1984-04-14,1984-04-28,0.0004995769230769231
947,100,5,38,47,3,117,22,1984-04-28,1984-05-12,0.0004995769230769231
948,151,9,35,42,6,139,35,1984-05-12,1984-05-26,0.0004995769230769231
949,174,7,29,36,5,121,30,1984-05-26,1984-06-09,0.0004995769230769231
950,233,5,46,52,5,138,45,1984-06-09,1984-06-23,0.0004995769230769231
951,266,10,38,37,5,69,15,1984-06-23,1984-07-07,0.0004995769230769231
952,292,5,38,56,2,85,20,1984-07-07,1984-07-21,0.0004995769230769231
953,351,3,40,34,1,45,21,1984-07-21,1984-08-04,0.0004995769230769231
954,302,3,39,42,4,39,7,1984-08-04,1984-08-18,0.0004995769230769231
955,170,2,23,23,6,59,17,1984-08-18,1984-09-01,0.0004995769230769231
956,115,1,25,13,5,15,4,1984-09-01,1984-09-15,0.0004995769230769231
957,86,0,17,10,3,12,9,1984-09-15,1984-09-29,0.0004995769230769231
958,151,5,31,7,11,19,4,1984-09-29,1984-10-13,0.0004995769230769231
959,126,2,30,11,12,20,6,1984-10-13,1984-10-27,0.0004995769230769231
960,194,2,60,19,11,13,3,1984-10-27,1984-11-10,0.0004995769230769231
961,140,1,59,16,22,18,9,1984-11-10,1984-11-24,0.0004995769230769231
962,175,0,48,21,29,11,2,1984-11-24,1984-12-08,0.0004995769230769231
963,142,4,35,60,22,23,10,1984-12-08,1984-12-22,0.0004995769230769231
964,167,3,44,28,35,16,14,1984-12-22,1985-01-05,0.0004995769230769231
965,313,2,67,44,42,15,25,1985-01-05,1985-01-19,0.0005067692307692308
966,284,0,67,17,18,24,8,1985-01-19,1985-02-02,0.0005067692307692308
967,419,6,87,47,34,26,36,1985-02-02,1985-02-16,0.0005067692307692308
968,533,5,101,45,20,32,39,1985-02-16,1985-03-02,0.0005067692307692308
969,537,19,77,38,18,21,39,1985-03-02,1985-03-16,0.0005067692307692308
970,603,17,104,36,15,27,23,1985-03-16,1985-03-30,0.0005067692307692308
971,609,12,88,19,22,33,50,1985-03-30,1985-04-13,0.0005067692307692308
972,812,25,116,24,42,39,51,1985-04-13,1985-04-27,0.0005067692307692308
973,594,31,68,17,19,27,58,1985-04-27,1985-05-11,0.0005067692307692308
974,812,12,108,39,16,56,89,1985-05-11,1985-05-25,0.0005067692307692308
975,915,16,80,38,23,35,110,1985-05-25,1985-06-08,0.0005067692307692308
976,822,17,84,41,8,59,74,1985-06-08,1985-06-22,0.0005067692307692308
977,986,34,63,38,30,55,74,1985-06-22,1985-07-06,0.0005067692307692308
978,995,39,80,50,17,90,70,1985-07-06,1985-07-20,0.0005067692307692308
979,827,69,65,64,19,86,94,1985-07-20,1985-08-03,0.0005067692307692308
980,722,61,54,40,16,55,78,1985-08-03,1985-08-17,0.0005067692307692308
981,438,25,22,49,16,51,55,1985-08-17,1985-08-31,0.0005067692307692308
982,302,13,16,41,9,45,45,1985-08-31,1985-09-14,0.0005067692307692308
983,197,4,11,15,8,59,19,1985-09-14,1985-09-28,0.0005067692307692308
984,232,7,12,28,9,90,14,1985-09-28,1985-10-12,0.0005067692307692308
985,213,7,11,18,18,141,25,1985-10-12,1985-10-26,0.0005067692307692308
986,207,5,11,17,10,132,25,1985-10-26,1985-11-09,0.0005067692307692308
987,155,6,3,9,5,126,18,1985-11-09,1985-11-23,0.0005067692307692308
988,145,9,15,23,2,141,29,1985-11-23,1985-12-07,0.0005067692307692308
989,164,8,3,19,5,121,21,1985-12-07,1985-12-21,0.0005067692307692308
990,182,8,10,32,2,116,32,1985-12-21,1986-01-04,0.0005067692307692308
991,268,14,16,60,7,196,35,1986-01-04,1986-01-18,0.0005139615384615384
992,185,8,13,61,6,162,23,1986-01-18,1986-02-01,0.0005139615384615384
993,256,18,14,62,9,243,20,1986-02-01,1986-02-15,0.0005139615384615384
994,256,36,28,58,21,199,24,1986-02-15,1986-03-01,0.0005139615384615384
995,255,20,32,43,22,199,15,1986-03-01,1986-03-15,0.0005139615384615384
996,335,24,32,56,26,167,29,1986-03-15,1986-03-29,0.0005139615384615384
997,387,11,13,88,46,127,49,1986-03-29,1986-04-12,0.0005139615384615384
998,336,26,41,95,34,93,45,1986-04-12,1986-04-26,0.0005139615384615384
999,275,18,17,63,11,91,43,1986-04-26,1986-05-10,0.0005139615384615384
1000,312,64,24,124,14,112,47,1986-05-10,1986-05-24,0.0005139615384615384
1001,275,24,13,94,6,80,19,1986-05-24,1986-06-07,0.0005139615384615384
1002,302,53,19,103,12,74,49,1986-06-07,1986-06-21,0.0005139615384615384
1003,230,38,24,46,4,76,41,1986-06-21,1986-07-05,0.0005139615384615384
1004,219,42,16,32,3,49,27,1986-07-05,1986-07-19,0.0005139615384615384
1005,163,31,23,44,2,46,23,1986-07-19,1986-08-02,0.0005139615384615384
1006,155,24,13,36,2,46,31,1986-08-02,1986-08-16,0.0005139615384615384
1007,85,11,13,25,4,36,24,1986-08-16,1986-08-30,0.0005139615384615384
1008,95,5,10,11,1,19,21,1986-08-30,1986-09-13,0.0005139615384615384
1009,79,6,10,12,3,19,21,1986-09-13,1986-09-27,0.0005139615384615384
1010,75,4,14,16,1,18,14,1986-09-27,1986-10-11,0.0005139615384615384
1011,85,4,8,9,3,29,13,1986-10-11,1986-10-25,0.0005139615384615384
1012,121,5,8,13,2,23,8,1986-10-25,1986-11-08,0.0005139615384615384
1013,92,10,11,7,3,28,12,1986-11-08,1986-11-22,0.0005139615384615384
1014,117,2,11,6,4,37,15,1986-11-22,1986-12-06,0.0005139615384615384
1015,92,6,13,9,5,36,5,1986-12-06,1986-12-20,0.0005139615384615384
1016,68,1,14,2,0,41,9,1986-12-20,1987-01-03,0.0005139615384615384
1017,163,4,30,13,2,36,13,1987-01-03,1987-01-17,0.0005211538461538462
1018,147,3,16,10,1,33,11,1987-01-17,1987-01-31,0.0005211538461538462
1019,153,9,18,1,3,26,6,1987-01-31,1987-02-14,0.0005211538461538462
1020,158,6,18,13,3,30,13,1987-02-14,1987-02-28,0.0005211538461538462
1021,154,10,21,3,3,36,7,1987-02-28,1987-03-14,0.0005211538461538462
1022,173,6,16,11,2,31,10,1987-03-14,1987-03-28,0.0005211538461538462
1023,257,15,24,9,8,33,16,1987-03-28,1987-04-11,0.0005211538461538462
1024,270,15,22,10,7,33,18,1987-04-11,1987-04-25,0.0005211538461538462
1025,188,15,24,11,2,26,33,1987-04-25,1987-05-09,0.0005211538461538462
1026,176,21,17,11,3,32,18,1987-05-09,1987-05-23,0.0005211538461538462
1027,208,11,25,8,1,39,14,1987-05-23,1987-06-06,0.0005211538461538462
1028,180,21,31,12,8,38,12,1987-06-06,1987-06-20,0.0005211538461538462
1029,194,24,13,20,11,35,19,1987-06-20,1987-07-04,0.0005211538461538462
1030,211,16,23,10,25,68,11,1987-07-04,1987-07-18,0.0005211538461538462
1031,172,12,31,8,17,58,9,1987-07-18,1987-08-01,0.0005211538461538462
1032,167,11,27,7,11,51,22,1987-08-01,1987-08-15,0.0005211538461538462
1033,109,7,21,11,22,68,7,1987-08-15,1987-08-29,0.0005211538461538462
1034,85,10,15,6,1,46,4,1987-08-29,1987-09-12,0.0005211538461538462
1035,96,8,2,3,7,41,3,1987-09-12,1987-09-26,0.0005211538461538462
1036,97,12,8,5,1,59,5,1987-09-26,1987-10-10,0.0005211538461538462
1037,79,5,12,10,6,93,8,1987-10-10,1987-10-24,0.0005211538461538462
1038,120,13,5,22,12,107,6,1987-10-24,1987-11-07,0.0005211538461538462
1039,130,19,24,20,2,135,3,1987-11-07,1987-11-21,0.0005211538461538462
1040,166,21,32,22,7,113,6,1987-11-21,1987-12-05,0.0005211538461538462
1041,95,26,12,14,0,68,2,1987-12-05,1987-12-19,0.0005211538461538462
